global_window_id,session_id,window_idx,h_true,u_true,r_true,label_hedonic_dominant,frontal_eeg_bandpower,parietal_eeg_bandpower,fixation_duration,gsr_level,llm_sentiment
0,0,0,0.43532960449062624,0.21680914595066467,0.32606937522064544,0,0.0,0.3069147517853129,0.0,0.44865490085196874,0.6846632490232741
1,0,1,0.5529155732637253,0.5676069020430424,0.5602612376533839,1,0.6611464321751607,0.5770130493353571,0.5115114483754842,0.5359844241842218,0.6017599460349058
2,0,2,0.8723133812345539,0.1495335362262317,0.5109234587303928,1,1.0,0.3139318065017058,0.26279464301462235,0.8469004908172793,0.9588553817080305
3,0,3,0.8507295215716281,0.7270074095222544,0.7888684655469412,1,1.0,0.7060990903372173,0.7989758674114266,1.0,0.6766945871204952
4,0,4,0.39766310898359275,0.37866577470185125,0.38816444184272203,0,0.4927852031922114,0.22928930254415683,0.25918024714180427,0.3482490335457218,0.4708874944972355
5,0,5,0.4312313282530592,0.4194905588522433,0.42536094355265125,0,0.37054177101735514,0.3050673861299301,0.32493046272348,0.3694404735554524,0.48421831072918353
6,0,6,0.756697798520034,0.5857574541459633,0.6712276263329986,1,0.5532688048331222,0.5491521919300677,0.5130239052329384,0.8810203518936097,1.0
7,0,7,0.5560400409368967,0.5583605812824717,0.5572003111096842,1,0.6982030986989527,0.4875920055275015,0.2652733404267948,0.8513628702497522,0.559566708690083
8,0,8,0.6525202497254579,0.1293656283987127,0.39094293906208527,0,0.5500633578367082,0.0,0.1588809987659848,0.47428192641885697,0.7738369661640881
9,0,9,0.7344363178918195,0.6310217350496059,0.6827290264707127,1,0.9514465992347685,0.49067557225889236,0.4889896471141446,0.7484019705582635,0.7206278763597124
10,0,10,0.7485973429082451,0.3066413838144951,0.5276193633613702,1,0.570779082758702,0.13163741256332925,0.27221898083376067,0.5663758377822852,0.6129330552995642
11,0,11,0.5115798074955559,0.40442664964259484,0.4580032285690754,0,0.8322610298437405,0.38299093799612044,0.15049683416786336,0.5901660000214816,0.32247292082019996
12,0,12,0.8447670220991307,0.49472219851581756,0.6697446103074741,1,0.8888035959914982,0.681739975220919,0.6060060461912488,0.9753322506220155,0.910191668593324
13,0,13,0.7880768546292899,0.07151292638387259,0.42979489050658126,0,0.8318942242254155,0.0,0.11754959028276493,0.8297079182230382,0.8621742135088525
14,0,14,0.4634585250990636,0.14890393360583332,0.30618122935244846,0,0.4259759359409487,0.22060759377748757,0.22498088747126999,0.35679589124886846,0.5092160308071149
15,0,15,0.6161238724392665,0.7586835360037063,0.6874037042214864,1,0.7469531723950137,0.6977470649361414,0.8109548150456489,1.0,0.6898667757209205
16,0,16,0.6433392407808834,0.7594756416909532,0.7014074412359184,1,0.5793686328977953,0.7552819998574201,0.2920845093050792,0.7511923506986604,0.6011153049316467
17,0,17,0.2723444858112811,0.4057117731939939,0.3390281295026375,0,0.47396780712526637,0.09216583459996586,0.2484773058821275,0.47836630631429483,0.14573624660201984
18,0,18,0.1442960775997977,0.7155934613455833,0.4299447694726905,0,0.07623014725416503,0.6931514225971328,0.9387122103286893,0.7499781947376325,0.14559555931773935
19,0,19,0.7094127846447246,0.9880416367175889,0.8487272106811568,1,0.6258968923583208,0.9203277210282041,1.0,1.0,0.7364202566816026
20,0,20,0.6972763011650142,0.25707130777627846,0.4771738044706463,0,0.6734789785002194,0.25175499229187953,0.3714260503310598,0.6416214232917612,0.6930272757378544
21,0,21,0.8815724698239326,0.5587071571932191,0.7201398135085758,1,0.7272673577182772,0.5001894037292728,0.529182737850675,0.9212521935451217,0.6737037585577088
22,0,22,0.8325994811032912,0.5314985159459521,0.6820489985246216,1,0.8085332922770763,0.6433335989822454,0.6006459526618678,0.6414724133871035,0.7744628226485956
23,0,23,0.8169080543447046,0.5913679015432078,0.7041379779439563,1,0.9362868960013021,0.6344357573333607,0.5727549433234965,0.6889098071233446,0.7835585326454917
24,0,24,0.6120669181526018,0.5570535251460585,0.5845602216493302,1,0.8046141675332662,0.5835237459879536,0.6346557293940579,0.5505162668220347,0.5261011420824715
25,0,25,0.7147835281976036,0.733476994447906,0.7241302613227548,1,0.7572865972037659,0.5761922756574845,0.678666097598018,0.7339377115278345,0.6347356307993778
26,0,26,0.6628784398437375,0.5558605257080035,0.6093694827758704,1,0.6223158535733467,0.298004278266117,0.6451378843400127,0.8331543842615896,0.7054103425359431
27,0,27,0.7056546010173917,0.2402039648902075,0.47292928295379966,0,0.6919207842220289,0.0007612207131582893,0.12479651506610591,0.807177787214931,0.550566873176749
28,0,28,0.7778138514082825,0.49079208829237897,0.6343029698503307,1,0.7386036690587068,0.35754540923471856,0.46126745547121945,0.6678194668076922,0.7682140567739856
29,0,29,0.412495347547539,0.20230784152508222,0.3074015945363106,0,0.6641861124360771,0.44566677203991345,0.21882256165871966,0.17160097947608216,0.32224989560485673
30,1,0,0.3142093325194467,0.6922655801042454,0.503237456311846,1,0.4790491058804631,0.6255753809857517,0.6875545729843734,0.7263370321473234,0.523811465277979
31,1,1,0.13082310059950808,0.329773585099697,0.23029834284960254,0,0.11181510042388729,0.46607956626913005,0.30573813291475166,0.513967433478384,0.13773848607233444
32,1,2,0.14775188768285474,0.411314122844832,0.2795330052638434,0,0.40906156869958926,0.5392069500798508,0.2956526448369723,0.5174492064475056,0.0
33,1,3,0.5240012521083822,0.2965305194111545,0.41026588575976836,0,0.5613633032897648,0.43479919823650576,0.18384732683352023,0.45698714987215,0.40849278598632394
34,1,4,0.4043511734360168,0.4185046128295556,0.41142789313278616,0,0.28577372379492044,0.33829159875405884,0.3205210130396783,0.472864808670449,0.12008999415921767
35,1,5,0.5290458974042571,0.266508404326582,0.39777715086541954,0,0.47646584032064804,0.10203995994553347,0.5076201149699713,0.48295625178880736,0.46077503756971566
36,1,6,0.5003143002198214,0.23621018830494583,0.36826224426238363,0,0.5129116191788378,0.08932787125631625,0.14948684076895147,0.4494070657820876,0.4938167736550544
37,1,7,0.5300172108291635,0.35483342753229274,0.44242531918072814,0,0.6589067888332326,0.5405157619867793,0.3193526320461509,0.42480152486475853,0.6476242327791322
38,1,8,0.4948288505608343,0.296858940062688,0.3958438953117611,0,0.8314066192565854,0.43758332656031995,0.2857139240072737,0.5125788198574015,0.20588332323446284
39,1,9,0.7218077200365673,0.35077323041364955,0.5362904752251084,1,0.5184889354287333,0.25942953620498826,0.39138930851458154,0.7748324910473762,0.6619806235658384
40,1,10,0.3373335444900465,0.7349636207764629,0.5361485826332547,1,0.3855820061577477,0.8436723236468135,0.7939775895001472,0.4686926446110146,0.30024683609161584
41,1,11,0.028927120079274934,0.248333006573774,0.13863006332652447,0,0.037886200711682375,0.08800373486669827,0.0,0.033518587457175314,0.19373329801717354
42,1,12,0.8581657145279764,0.12165405236530631,0.4899098834466414,0,0.8456767694511683,0.2362738434944725,0.234152720032911,1.0,0.6447891392212588
43,1,13,0.7014315122165701,0.7302480771466207,0.7158397946815953,1,0.7599467993903457,0.7519936071786666,0.5921290814681903,0.7077035576433952,0.6759109232041047
44,1,14,0.534954892929436,0.5918373067476767,0.5633960998385563,1,0.4318709242371259,0.37854049653007094,0.6135127905253064,0.7023321041844408,0.22308298430882773
45,1,15,0.22454421430858762,0.7033521265745049,0.46394817044154624,0,0.19857959148569362,0.813064818720381,0.7218226210543067,0.5647500416802526,0.5885898909222989
46,1,16,0.34207935949734264,0.34255076643317034,0.3423150629652565,0,0.41500939507907686,0.3007633058888553,0.22698388030433692,0.2976074716658904,0.59601147313714
47,1,17,0.5625884621858929,0.14543407619926182,0.35401126919257736,0,0.7459141431495587,0.10340568350033263,0.0,0.7609946663909176,0.5537405578901382
48,1,18,0.09827764693206587,0.010932315034364138,0.054604980983215,0,0.10433208656705156,0.17073408388766104,0.0,0.4040461201499827,0.02478512629485348
49,1,19,0.23625431010275189,0.7481757291089973,0.4922150196058746,0,0.24911778436675627,0.766259006833994,0.6606680981102249,0.587232735396354,0.45112020875133685
50,1,20,0.6767356272384979,0.8418026669250224,0.7592691470817601,1,0.8192398195085431,0.917696835788324,0.8459088721324074,0.8817796558182961,0.4224561759772142
51,1,21,0.5007399035958922,0.4192416158218705,0.4599907597088813,0,0.453101652352783,0.4469733302899381,0.4709339278052618,0.31553947291473305,0.4346137751268475
52,1,22,0.5890989153459573,0.35300747602084165,0.47105319568339943,0,0.7553008820571889,0.45388543064835485,0.4286222480889376,0.5329616478684711,0.5115061822213298
53,1,23,0.37109174285707497,0.6179232149479201,0.4945074789024976,0,0.3934359231241158,0.7154181788816448,0.5300116534650445,0.662626206038751,0.45267920739790646
54,1,24,0.7503291807452551,0.45875020514930837,0.6045396929472817,1,0.7438678758854289,0.42732669068306733,0.4366973058311353,0.921569868926815,0.6239174207650292
55,1,25,0.6072417552204424,0.3778134265944458,0.49252759090744413,0,0.3530221996100831,0.2585467576471009,0.46953173603740167,0.704563683844572,0.4562937453752113
56,1,26,0.8802351844284588,0.8354978327183037,0.8578665085733812,1,0.9357689055913155,0.7261954060129739,0.9664125776780236,1.0,0.5586842540329572
57,1,27,0.931217118331409,0.5053035753336197,0.7182603468325144,1,1.0,0.37850772193092913,0.5907663965932227,0.9904472690184598,1.0
58,1,28,0.5658466885153134,0.3037083570145603,0.43477752276493686,0,0.6281481806259812,0.38449524592833945,0.33627319495907354,0.7315664608461943,0.49062484262178885
59,1,29,0.8373610922446053,0.14743777464614405,0.4923994334453747,0,0.5711184554094844,0.05886432370044206,0.3504358581531337,0.8977705221698311,0.8820077503030449
60,2,0,0.7257233313126747,0.4520617691879651,0.58889255025032,1,0.8690585879146044,0.3495352422698703,0.40874674797266847,0.4808714189253336,0.3897247811884758
61,2,1,0.40040836046242057,0.2970757572095074,0.348742058835964,0,0.21140532388536712,0.4529996388032633,0.4349616470217107,0.4870377220595946,0.2351830859731925
62,2,2,0.531147119385151,0.42578832426353,0.4784677218243405,0,0.6453125745775176,0.42970664995829794,0.0,0.8512853777977888,0.38591837489771524
63,2,3,0.3701234779838823,0.4444444080035811,0.4072839429937317,0,0.4792709936840708,0.4309882850370406,0.510750622944138,0.5419558757801799,0.3000820144408204
64,2,4,0.4061653896661269,0.5987015952829229,0.5024334924745248,1,0.4165766159557266,0.47691865457087024,0.76014726868937,0.634555875331538,0.5010889928342489
65,2,5,0.36043461386656334,0.5557509830417537,0.4580927984541585,0,0.43902685985236606,0.4887005442346451,0.4603010440974508,0.8931801458532813,0.5220623600388793
66,2,6,0.37588986620581133,0.19523898256242234,0.28556442438411683,0,0.37043894295800295,0.08344122324178442,0.04639447097257557,0.5815023557531519,0.2702282720463606
67,2,7,0.7975058976147253,0.7893830605736307,0.793444479094178,1,0.6435864624374408,1.0,0.7552411192195492,0.8352708781811292,1.0
68,2,8,0.6367242694595774,0.8421823104770585,0.7394532899683179,1,0.6275161818045029,0.9363200636243785,0.8321650841839698,0.9461208515637755,0.898056507347702
69,2,9,0.16556449436577375,0.7622881439413868,0.4639263191535803,0,0.19022136977378504,0.779234954042936,0.8562245736660385,0.789878438450009,0.012175041480751408
70,2,10,0.4033321594199579,0.8062918851373244,0.6048120222786412,1,0.291088494379821,0.7803281336820649,0.910402395616817,0.7346993828793628,0.27675804242533386
71,2,11,0.31709498472270525,0.3020807212146501,0.3095878529686777,0,0.5070922128579995,0.3265908285213317,0.5730174634566223,0.49898960172502216,0.06572804144624961
72,2,12,0.5769473530537975,0.12440077939441695,0.35067406622410724,0,0.5381931553418766,0.0,0.07350518831448802,0.5196010081786608,0.5523347617003297
73,2,13,0.8037190887223559,0.3156300932885944,0.5596745910054751,1,0.9862597154196667,0.07135817749135692,0.36654666860263196,0.4933835934513297,0.7180750720243767
74,2,14,0.6126036338997227,0.5661195967959329,0.5893616153478278,1,0.7980374970256395,0.4566166490192832,0.8243273762105436,0.44913443125228636,0.5792968417998453
75,2,15,0.5069316684006229,0.09833143256436969,0.3026315504824963,0,0.5769170691355855,0.0,0.05893794688458289,0.5734035533580613,0.5880520430972065
76,2,16,0.6508834247735246,0.1218733104311501,0.38637836760233735,0,0.5419765015074073,0.24231582144531472,0.024205710597799426,0.8154885779928638,0.8242355876290768
77,2,17,0.3247996149774859,0.556582390989122,0.44069100298330394,0,0.308521206782992,0.5472441341954947,0.5412317068272793,0.4858149885706492,0.2221514793127663
78,2,18,0.30722077279428334,0.16959982506662669,0.238410298930455,0,0.3330096305933473,0.0,0.10400489353812724,0.446032833909304,0.342634034479037
79,2,19,0.802657477260985,0.26842073075183676,0.5355391040064109,1,1.0,0.31481323550105944,0.29529515920664895,0.9156853609749238,0.6306535983639996
80,2,20,0.678793634990149,0.6727674859230556,0.6757805604566023,1,0.44526752792014607,0.8158750339991954,0.7293868751396988,0.5018628427095321,0.9170661495172892
81,2,21,0.7090454605150686,0.19038218467164364,0.4497138225933561,0,0.63617206504247,0.20581353871723598,0.3220937501077125,0.8055147637612322,0.33380924501398984
82,2,22,0.23052179907206596,0.6992012537875419,0.46486152642980394,0,0.31277154873563207,0.8774836689798314,0.7732084741909552,0.8751762064939415,0.032674779043056185
83,2,23,0.6965225208789004,0.39862528010568465,0.5475739004922926,1,0.659726583990893,0.5584282275792329,0.2951258491040097,0.7063895690148392,0.3799974476964732
84,2,24,0.8992644314328094,0.37516475574759517,0.6372145935902023,1,1.0,0.49389202742321414,0.1370438173812975,0.9653070400322448,0.7717544292435196
85,2,25,0.6349878667981882,0.5889187114221469,0.6119532891101676,1,0.5855255392259038,0.5878441257012226,0.7037862055573334,0.823475635411125,0.5973016993313581
86,2,26,0.17179054798191176,0.7150761406391409,0.44343334431052633,0,0.17896048233131076,0.44587384383471645,0.6843530126103051,1.0,0.14394586714458982
87,2,27,0.5069040653906499,0.600452332479594,0.5536781989351219,1,0.3345042082926073,0.6433782544348178,0.3926341103113242,0.41842506096573684,0.6634561554995002
88,2,28,0.7958412368319514,0.28115023582158655,0.538495736326769,1,0.7723943202839787,0.2574704187482725,0.2015714774844634,0.8731278031459162,0.6911378446399222
89,2,29,0.5932373467036436,0.6894107153580384,0.641324031030841,1,0.6963392615389612,0.6341623292181381,0.6103310553430836,0.6997938016529602,0.5456432627713961
90,3,0,0.3403125587581327,0.5293844424094022,0.43484850058376745,0,0.32383973921952436,0.2903991515747931,0.2703488251876471,0.6088830269568402,0.49035763609668537
91,3,1,0.7243282794764957,0.8463022797282029,0.7853152796023493,1,0.8091020764978839,0.9287738731061093,0.5468385420724271,0.6988824031800902,0.5197536619377116
92,3,2,0.6556079557270671,0.6287241387381125,0.6421660472325899,1,0.45369869695951726,0.611284730774419,0.5024470454767161,0.8654692314535668,0.7165759718350687
93,3,3,0.3819487645634198,0.9400783807169842,0.661013572640202,1,0.38043468270732184,0.8817265931537652,0.7446765886225695,0.9468950430759894,0.4842013565942931
94,3,4,0.26285291473216427,0.32385906853556684,0.29335599163386555,0,0.407627105005542,0.3916707846328355,0.19411427963884503,0.34823116618974226,0.0
95,3,5,0.15359743765773912,0.39753526393431415,0.27556635079602665,0,0.17861352901326008,0.4196019126175154,0.4174571241641546,0.34658262486783403,0.13405215198902817
96,3,6,0.7629670835164677,0.6475377998904324,0.70525244170345,1,0.599447063971426,0.8688087669113312,0.6058193117209233,0.9147563777861403,0.8720213579492235
97,3,7,0.7239943719183679,0.5703068887157964,0.6471506303170822,1,0.5390182898192041,0.7630647255642818,0.26726365932860446,0.6327790354189858,0.7030206460093971
98,3,8,0.4805464117800919,0.5753874552661913,0.5279669335231416,1,0.6672461034078797,0.6449470894925612,0.7213590607580375,0.8720992601483846,0.29255740706326916
99,3,9,0.6045982277005071,0.6903005737895728,0.64744940074504,1,0.6386395189201881,0.7907971388551425,0.5597672971737901,0.6232490725724473,0.8822705856191153
100,3,10,0.3686925796399439,0.8890784055137423,0.6288854925768431,1,0.4333383500783088,0.8986698710812414,1.0,1.0,0.36151673550841235
101,3,11,0.48775020054964235,0.4496399570648772,0.4686950788072598,0,0.4433069584760819,0.5351804108390694,0.570476291300467,0.6534638676132284,0.6508805498334156
102,3,12,0.875518548251701,0.12910706919757767,0.5023128087246393,1,0.8689417120862107,0.06922526928942832,0.10122156319696606,0.8037881261198631,1.0
103,3,13,0.3776460563412524,0.5972024746789761,0.4874242655101143,0,0.37226833232045353,0.5053720443395887,0.7396944427733346,0.4442287766155001,0.5808067002697621
104,3,14,0.7495911198227694,0.802524308729653,0.7760577142762112,1,0.7333694414542764,1.0,0.8281406356924216,0.9277736198857496,0.6986217347810324
105,3,15,0.4072938034272049,0.6140598223652749,0.5106768128962399,1,0.3294503387683816,0.8020594661276716,0.5991272326750232,0.8144104784170925,0.4595187735736408
106,3,16,0.513501502103539,0.37227567023723884,0.4428885861703889,0,0.6758091112063218,0.22863517852019766,0.32324194911992254,0.3791652607085506,0.24501345906211208
107,3,17,0.3756109481350953,0.33170395860259705,0.3536574533688462,0,0.2610425386782238,0.4390957296140583,0.11068279982212889,0.4211138725211788,0.49114924060897924
108,3,18,0.8103767443771093,0.7019735314349603,0.7561751379060349,1,0.7032960307501102,0.7441563182160221,0.8791203814013084,0.778282654296923,1.0
109,3,19,0.7049552389200764,0.34764269299821193,0.5262989659591442,1,0.8857549805775079,0.26904156926863054,0.45898483972358006,0.5936592383549986,0.9986307240250638
110,3,20,0.5028840808882665,0.4869459504572091,0.4949150156727378,0,0.7505692654192355,0.30429555154695387,0.2796104832175862,0.8321074243831027,0.45901306131200925
111,3,21,0.36482380434671524,0.13981403527136474,0.25231891980904,0,0.41950602915278257,0.21656448721407662,0.3229496276095296,0.2853347932914092,0.49450490332034275
112,3,22,0.22992484365614332,0.9238359966454575,0.5768804201508004,1,0.16142586809079196,0.6551042681495576,0.9308998153750848,1.0,0.10753709248121504
113,3,23,0.6682841342677562,0.6601504909001955,0.6642173125839759,1,0.5696139632529148,0.5954063025899508,0.9174501102744637,0.610049093455826,0.5565743837077678
114,3,24,0.6426881171877714,0.6029100714203034,0.6227990943040373,1,0.7215567134645295,0.8297155117341355,0.7350755562705595,0.5707290117867058,0.6213268571006396
115,3,25,0.20247491015053182,0.3412861972157244,0.27188055368312813,0,0.10629566848485884,0.03706649888176955,0.3748912548206472,0.3556283891900857,0.1989154375445433
116,3,26,0.5538874260189018,0.474049458930425,0.5139684424746634,1,0.6004900716784815,0.6090973895104728,0.46163849613021046,0.6127697481278445,0.8713703577138259
117,3,27,0.42245028151952485,0.7373278550262813,0.5798890682729031,1,0.11954788327222776,0.7659457360568711,0.7549145410239732,0.5945787044950704,0.2969778221618701
118,3,28,0.5945902102616581,0.8769210450417514,0.7357556276517048,1,0.5103864023633266,0.7026116446369517,0.7338375109955311,0.7774368901324138,0.528741426465263
119,3,29,0.27588595830733575,0.8022954388595135,0.5390906985834246,1,0.4314417517722088,0.5511743536865041,0.7871598505884015,0.8380530614487318,0.3400141667245705
120,4,0,0.20693957383931078,0.6941702738501903,0.4505549238447505,0,0.08932467286188349,0.5476745095028548,0.8088291371162584,0.6898948665114192,0.3413045331791004
121,4,1,0.6624135906079065,0.27334134945588234,0.4678774700318944,0,0.7597321224656066,0.2882880650726587,0.28990772264408465,0.8354816135735498,0.7492066319524803
122,4,2,0.3668929850289214,0.6673592468428708,0.5171261159358962,1,0.37802942838451403,0.5200405313923012,0.8436167626229911,1.0,0.21234706798077127
123,4,3,0.6804257776631172,0.41905388367227175,0.5497398306676945,1,0.8188785975412126,0.4129088902388548,0.2879202559838362,0.8544529854084402,0.5703710157290949
124,4,4,0.26539647749295153,0.20068036447764498,0.23303842098529826,0,0.29918218526508134,0.12792415420496445,0.3391478754604761,0.22585041069258704,0.34677464013673587
125,4,5,0.18563619808617574,0.24675380329027916,0.21619500068822745,0,0.0952682203926222,0.29094063693084093,0.3513475926294554,0.17922149667424142,0.22304332178064123
126,4,6,0.4383846550076543,0.7902407698718819,0.614312712439768,1,0.3541853666795648,0.7305158261859044,0.8547265039447135,0.9847979836690048,0.2756646902511477
127,4,7,0.8325513672182479,0.7219880742310708,0.7772697207246593,1,0.9336161411583042,0.8828217596480334,0.7520464426573326,0.6478489568942076,0.8239737833868873
128,4,8,0.3025597011684117,0.16722618218947707,0.23489294167894437,0,0.48602550601278505,0.026860854901379433,0.16527571924099504,0.3834198792859068,0.14180806774308136
129,4,9,0.8799090185661984,0.2736201804319446,0.5767645994990716,1,0.8239667277565612,0.39554432067903095,0.3387050650129465,1.0,0.9368758582830722
130,4,10,0.24456621398732392,0.5627671982496406,0.40366670611848227,0,0.0,0.2594315189210222,0.42192855401186097,0.32181349301856904,0.011415527928985564
131,4,11,0.6242226658606995,0.48445886568305346,0.5543407657718765,1,0.71346072520779,0.6644138057003186,0.7093592242456622,0.6510409906973235,0.8067882765369124
132,4,12,0.23645925366412007,0.66662732988872,0.45154329177642005,0,0.22722881061692538,0.7334620930227039,0.7189906109312472,0.464698586971976,0.026825718583056296
133,4,13,0.12861186836856378,0.7528476768097085,0.44072977258913615,0,0.04031783526360096,0.9425803173692758,0.3488381767574324,0.7143300214335895,0.31985556839299323
134,4,14,0.7898065073986726,0.5940507552739086,0.6919286313362907,1,0.7634556841997948,0.6639413376702363,0.6445856263736703,0.9568350686177189,0.7686547905414004
135,4,15,0.4812428976192614,0.33394175678495586,0.40759232720210864,0,0.38318245779376414,0.20292386234396875,0.4272232971062031,0.6574121567096343,0.589957385632911
136,4,16,0.30558508870398604,0.16609930764953673,0.2358421981767614,0,0.45163574160215403,0.18041255242348525,0.288169587055651,0.33469171113507246,0.19682161260190287
137,4,17,0.2643561493121114,0.9579031384030849,0.6111296438575982,1,0.27132803997797983,0.7915664928141193,1.0,0.6968607674956616,0.19264095358166464
138,4,18,0.1846423691968173,0.6372378287600352,0.41094009897842626,0,0.17889054551980954,0.6353031198580797,0.6163881202164198,0.6158295533222954,0.0
139,4,19,0.40053465494969126,0.6030301310560097,0.5017823930028504,1,0.3518184084826931,0.633547103478076,0.6542460188891152,0.42131903365384277,0.4241060105133224
140,4,20,0.5194442386863771,0.12244437884033753,0.32094430876335733,0,0.5812397985559963,0.20969775513864022,0.2370964531461554,0.35783482987432025,0.5935267455915619
141,4,21,0.14454816158803813,0.6350665016495599,0.389807331618799,0,0.0,1.0,0.6665730447032064,0.6909400867716724,0.28455822874921477
142,4,22,0.13725631163275226,0.7767741071615362,0.45701520939714424,0,0.0,0.6100679955750355,0.9442126825149876,0.6647866410464093,0.024225655333118365
143,4,23,0.49112982509288217,0.5098453393421744,0.5004875822175283,1,0.391224586897585,0.2493384514978933,0.5885269646963268,0.5349686672250237,0.33617157808310877
144,4,24,0.5917498868924433,0.6663994462285214,0.6290746665604824,1,0.6270676490077737,0.7815369128626832,0.624517092989765,0.5044207017525092,0.4978148693428056
145,4,25,0.7278382220100983,0.03048400618568378,0.37916111409789105,0,0.6750699878869946,0.014955493191706654,0.0,0.566308410615549,0.655452994989996
146,4,26,0.5365942560103203,0.30372246479337167,0.42015836040184595,0,0.34659705056129797,0.38461549887376134,0.4576700181501968,0.38737999654717925,0.6868466686149284
147,4,27,0.07133470511780031,0.5337921016501967,0.3025634033839985,0,0.0601352822058128,0.43160456948047154,0.317721040120708,0.6821402595764745,0.16371858272066403
148,4,28,0.5989230594310189,0.9695250102125914,0.7842240348218051,1,0.6144261276774993,0.961378396256179,0.9440279288974152,1.0,0.6951606523137853
149,4,29,0.48914810846530893,0.5135110397362749,0.5013295741007919,1,0.308520022314693,0.6488276100492348,0.5711510589447215,0.5619877499546376,0.5912284812046803
150,5,0,0.6485906979505979,0.44333872703531474,0.5459647124929563,1,0.7067239534324152,0.5095146710524454,0.2887049765199476,0.5737632863488759,0.6196724846014299
151,5,1,0.7679463637488368,0.3936243289891143,0.5807853463689756,1,0.6973816348784003,0.25367773427418605,0.4050783052701134,0.6958031632540226,0.8063035534931015
152,5,2,0.5346079889741703,0.3513994974012152,0.44300374318769276,0,0.44819073966165085,0.38893287808766175,0.5662605247426206,0.4809107021713343,0.5641414485811428
153,5,3,0.24279269520978633,0.6948666000622352,0.46882964763601076,0,0.0,0.6424043118226218,0.6639116323059232,0.7258591340354246,0.21747491778234518
154,5,4,0.3418955086545832,0.5189894668676904,0.4304424877611368,0,0.5091975594995805,0.682383236249843,0.6752186175300535,0.7113990360778123,0.4950053151231165
155,5,5,0.7231220084495397,0.3017261528527412,0.5124240806511404,1,0.8619623288704384,0.3101858599653805,0.3801162281549573,0.6808975807682208,0.3394519576741774
156,5,6,0.37243290728822975,0.9009955215926594,0.6367142144404445,1,0.27441800159797536,1.0,0.8927560974778214,0.7370972567319579,0.10131544782205404
157,5,7,0.7537070633204288,0.1640110902860369,0.45885907680323285,0,0.830859664762447,0.12092338234112762,0.0,0.87786241107646,0.8697058656560825
158,5,8,0.4270974204916157,0.8105484975465225,0.618822959019069,1,0.42955821388416776,0.9044007671564087,0.8988766592641344,0.7710075171705638,0.32433482310194867
159,5,9,0.49484010737378115,0.7528758378900036,0.6238579726318924,1,0.5049126265043721,0.8877267722625226,0.72655568786086,1.0,0.3240566123374439
160,5,10,0.7569845524203762,0.8075410758713008,0.7822628141458385,1,0.5801136684173602,0.8678010727870188,0.9110425495825106,0.5890802550053074,0.6990990568976939
161,5,11,0.172404733641551,0.279160897186834,0.2257828154141925,0,0.16235851198452922,0.2589112442294712,0.2869373800814122,0.3332306036825176,0.3260186259099558
162,5,12,0.4157041212684421,0.36123091633734977,0.38846751880289593,0,0.2582564444594275,0.4240860707669898,0.6236110411304095,0.44837156611798296,0.3144989355326463
163,5,13,0.41679922614286785,0.1383269100101789,0.27756306807652337,0,0.5561188570988967,0.20075594015644688,0.18898848903446372,0.3385752821279538,0.5845568320594231
164,5,14,0.36378025997840835,0.9015237524480056,0.632652006213207,1,0.5378506243940393,0.9148030203575197,1.0,0.5933718333483429,0.040621638190144915
165,5,15,0.20182083341367252,0.5824258828585349,0.3921233581361037,0,0.0,0.6874098497372763,0.26691255451125606,0.6194393742316187,0.2556519485916919
166,5,16,0.840119252630728,0.24012207401478847,0.5401206633227582,1,0.9629090143350515,0.4307478833647942,0.08437180934797464,1.0,0.7606615885764848
167,5,17,0.7199978381112261,0.22108799834722218,0.4705429182292241,0,0.7016075869676143,0.09091570949595609,0.3980007505651807,1.0,0.8940852614568304
168,5,18,0.15390100284112118,0.9324323392425012,0.5431666710418113,1,0.035065884570582045,1.0,0.7831485165969105,0.8007801330718819,0.2567943584370175
169,5,19,0.5858292668379993,0.13149573597333805,0.3586625014056687,0,0.4667978964950924,0.21831821258370754,0.07846835076226154,0.42478139071280074,0.7101965649191372
170,5,20,0.4765432289168253,0.26510901885332266,0.37082612388507397,0,0.3111175071418481,0.22078843143945856,0.4106701705690482,0.19228614547503486,0.41442777652572826
171,5,21,0.5388601520096324,0.7771601812684684,0.6580101666390504,1,0.47141578255527805,0.9190106353140245,0.7158255653202391,0.7811909255059906,0.5047883916498691
172,5,22,0.20226232005246056,0.630422063018453,0.4163421915354568,0,0.09345815655433652,0.8328228401576941,0.585656280535641,0.46922943831931985,0.25984781598128526
173,5,23,0.48047680752911825,0.6223579779239558,0.551417392726537,1,0.5396736982450957,0.7490106243769684,0.5796013945610118,0.6817938759826108,0.42189516376084907
174,5,24,0.5857127403679149,0.3768766286043598,0.4812946844861373,0,0.830215252307066,0.3884617721173128,0.2737982207884499,0.6639446122983461,0.48125394487923734
175,5,25,0.8237516250865281,0.15545697514471318,0.4896043001156206,0,0.6688954164732894,0.04740267867700074,0.0,0.8943548464489601,0.7044723005302365
176,5,26,0.41630370794852667,0.4144689914357204,0.4153863496921235,0,0.4394180426985028,0.4746462211238568,0.5067130541202817,0.4383324438374119,0.6121077956651284
177,5,27,0.2291882297910379,0.7297567234587534,0.47947247662489567,0,0.14483830878631904,0.6421892279968411,0.7605575089939702,0.7120232130155244,0.1514420269259834
178,5,28,0.2730901750789903,0.3593778044597189,0.3162339897693546,0,0.28752965153832716,0.5538467575557422,0.5034752613441369,0.3102718557420983,0.3166103096421824
179,5,29,0.45823216950328916,0.6823076612805685,0.5702699153919288,1,0.47468816886032783,0.363001832185961,0.8522728570354396,0.6940169950812443,0.2895350901823155
180,6,0,0.7149837856980674,0.4170034096021228,0.5659935976500952,1,0.7656311121204578,0.08632737293817677,0.637088306717815,0.49637038489909346,0.5999867081575402
181,6,1,0.5172561199631606,0.8804346461838627,0.6988453830735116,1,0.7590161601402785,0.8656669941786508,1.0,0.5030554590563197,0.3928788068788768
182,6,2,0.6638174686457213,0.6573844404794292,0.6606009545625753,1,0.6554891311948189,0.7502467935427723,0.4924249860669522,0.7272420812262628,0.8831324675761985
183,6,3,0.7018586432185026,0.516251337174386,0.6090549901964443,1,0.5826670553802602,0.49478355052238765,0.527001544465392,0.6072741786313388,0.7347088728609514
184,6,4,0.60350264411151,0.9257206592616121,0.7646116516865611,1,0.5913368569920201,0.6445566440741786,0.7864859889318242,0.8473367222245072,0.69045461475536
185,6,5,0.7232193063130203,0.3489039563745632,0.5360616313437918,1,0.7612677950598588,0.48829289045013274,0.37967396521526764,0.5217327373431442,0.8167595537713289
186,6,6,0.8072297483463579,0.47951525058576655,0.6433724994660622,1,0.9741092000590831,0.5000045780025298,0.6673752501318326,0.7813107971788745,0.7646564924113559
187,6,7,0.19939428276760562,0.25226349177422824,0.22582888727091693,0,0.2904127710135932,0.19236672028937596,0.26762399060961917,0.3051650848620463,0.3706120447393568
188,6,8,0.5184634956623828,0.31670779416279293,0.41758564491258787,0,0.2686726774469836,0.021412315417928596,0.4846092138495882,0.4659370533485803,0.5042237210216408
189,6,9,0.27521688016293955,0.8127610973115729,0.5439889887372562,1,0.26182951420320627,0.8725064368377354,0.6875023023273794,0.7027782874632006,0.23331991264150898
190,6,10,0.4266524242413731,0.7322814501519618,0.5794669371966674,1,0.3892984912238812,0.6273074080064727,0.8335584020326154,0.7332281748481825,0.06223500724879333
191,6,11,0.26378785421244466,0.6977502899571859,0.4807690720848153,0,0.20691303912010522,0.9976694857824505,0.6189558055059021,0.836465195089424,0.2768316706768124
192,6,12,0.5227671860142472,0.14976789092511966,0.33626753846968344,0,0.4907956287268598,0.17399573045135092,0.0,0.5800812224660167,0.40491605700420963
193,6,13,0.8624362606566515,0.6300606213473887,0.74624844100202,1,0.8423862254085457,0.47223843748325756,0.8734777627744288,0.7281187732485752,0.7979182422928199
194,6,14,0.7514233882223229,0.4763388139467352,0.6138811010845291,1,0.5175767444804376,0.6102808293383338,0.325481112976175,0.6841615001623179,0.7262800735895321
195,6,15,0.18084729646257186,0.42568522131294134,0.3032662588877566,0,0.2092459188555087,0.6098949636894844,0.4769830876160487,0.28222996498661934,0.22122677739543492
196,6,16,0.23975761078008723,0.6467568863998672,0.44325724858997717,0,0.3217635340189234,0.8380407346151382,0.582791363027489,0.9544131665819624,0.37524917373894817
197,6,17,0.3257331259787863,0.42649556819113804,0.37611434708496216,0,0.19916479135540133,0.48967143233792504,0.5184541887113674,0.38972340145060536,0.5966019115748018
198,6,18,0.7669745215074559,0.21553047485121835,0.49125249817933714,0,0.8541481246673251,0.058496002664740504,0.07098648274483146,0.9364604188845658,0.7464171284956821
199,6,19,0.25569739391900387,0.11664186660827601,0.18616963026363995,0,0.3850181414144481,0.16654971796482798,0.08716572264933276,0.0845477158582813,0.3280260280617866
200,6,20,0.627773844884297,0.5547579438574849,0.5912658943708909,1,0.5841361816170916,0.44192791923543956,0.5924939973726533,0.7637423467699089,0.6319392200584009
201,6,21,0.5996866580827811,0.7860446049104184,0.6928656314965997,1,0.46938233326977713,0.8724032660799746,0.6762863066407733,0.76330129044591,0.719404712072305
202,6,22,0.33675664466458927,0.12755011487579337,0.23215337977019132,0,0.7202978213937308,0.23569457997929072,0.046386913852513145,0.45271230600045037,0.24414423843678673
203,6,23,0.4952079628245264,0.6245648328122548,0.5598863978183906,1,0.4472794680995575,0.7403142053979213,0.6449833561223574,0.5211656897410242,0.4989504915274659
204,6,24,0.445982712790592,0.41797516013928515,0.43197893646493857,0,0.5783774400007533,0.34677983580886623,0.6821356716213853,0.4316043121555119,0.3938287804923152
205,6,25,0.4663321766839148,0.419971885891038,0.4431520312874764,0,0.6653288549954721,0.489297881379056,0.383142877219576,0.6921114555916121,0.4663966411457588
206,6,26,0.19848330341677667,0.40206497475340547,0.30027413908509104,0,0.1630851934466977,0.3039811204038783,0.3644411128216672,0.3427461016258583,0.3038334187530307
207,6,27,0.1612631210777001,0.22566395145146118,0.19346353626458063,0,0.07147734311079143,0.00632175473172128,0.04096584474081849,0.06636865063132924,0.08563094532541661
208,6,28,0.5079238661188045,0.439806568090319,0.47386521710456175,0,0.42228537147163947,0.541620562657846,0.35562448044916106,0.2997863742693505,0.3617703128988553
209,6,29,0.5539067296084452,0.07052925070915798,0.3122179901588016,0,0.5023697737511799,0.0,0.17259510306255096,0.5553685397883666,0.6075747464272243
210,7,0,0.5298268218254645,0.6148500847882595,0.5723384533068621,1,0.4639254448047113,0.5420882477191746,0.5051538577218398,0.8179758011440126,0.39160691625722643
211,7,1,0.7802081539427896,0.8689878993708279,0.8245980266568087,1,0.6828376214931888,0.9065178777794213,0.7759514437536333,0.9940754786414433,0.7637464734903813
212,7,2,0.42325468833676105,0.05414096660852405,0.23869782747264257,0,0.47381261944011754,0.0,0.5820829717035017,0.5473139404116213,0.5030745625776999
213,7,3,0.49584218294076,0.5077181421500833,0.5017801625454217,1,0.5669946904175691,0.4348251734858889,0.7285635500409791,0.4204005880426479,0.6489050180007775
214,7,4,0.7981521356380574,0.5663307623185656,0.6822414489783115,1,0.9158772901127751,0.6800592697431768,0.339824633602188,0.9465148930930405,0.6477301145492076
215,7,5,0.4057954753488684,0.39442972520598335,0.4001126002774259,0,0.47671818742999555,0.38814030479655404,0.6017195074052805,0.6299977517648131,0.4143202064353978
216,7,6,0.710229166498623,0.4933808511143674,0.6018050088064952,1,0.6884770616008601,0.4129750362996677,0.46592937362935394,0.8961618139635561,0.85494417652598
217,7,7,0.7586145973662818,0.3301305570909215,0.5443725772286017,1,0.7352134041892927,0.27503842447478893,0.524223992040728,0.7580878216023453,0.9411123834640601
218,7,8,0.5482936171320381,0.5908529886344808,0.5695733028832595,1,0.821092608124974,0.7263311317744775,0.5993939456373935,0.43030783667463757,0.5141018826081035
219,7,9,0.5141258133711304,0.2974328915078892,0.4057793524395098,0,0.42356909280735594,0.17389082891502977,0.18651553168355844,0.7267586824994205,0.4053318959754069
220,7,10,0.5432488596522411,0.32729499238965687,0.435271926020949,0,0.47533787982952724,0.4694335163418786,0.07092913330129069,0.3754447850771869,0.6733088346369415
221,7,11,0.38046637080218965,0.16433575565571532,0.27240106322895247,0,0.22482463640762987,0.40719340851483177,0.333621383173807,0.35406301647541377,0.5787332982867304
222,7,12,0.5171313273440746,0.8919666935975606,0.7045490104708176,1,0.6146379875034219,0.7283503543314974,0.8317445848006201,0.8960143043512737,0.5861014129785995
223,7,13,0.3771854912696104,0.4211737417848511,0.3991796165272308,0,0.48847841448704643,0.40833167341319415,0.35809080433819246,0.47503974287242645,0.5076401799096564
224,7,14,0.6097599643064153,0.8980885501884642,0.7539242572474398,1,0.6708995949563273,0.7695723226465323,1.0,0.9803575927898632,0.5553916345290553
225,7,15,0.7489356763671445,0.5515530286211492,0.6502443524941468,1,0.5701221984382719,0.44685909156114423,0.5142005022539774,0.7363517440068263,0.28189445234049915
226,7,16,0.49922660047284223,0.5962680640776732,0.5477473322752577,1,0.4743992719716335,0.736597245027085,0.40122824165393756,0.6273224300169146,0.5027488543165324
227,7,17,0.7338087206816479,0.3476565610296934,0.5407326408556706,1,0.8375488399925813,0.307486241089651,0.36304237539000284,0.6384763364788183,0.8334086546384716
228,7,18,0.6066644156161838,0.6792513077826423,0.642957861699413,1,0.47210537182313095,0.7877436848027665,0.6501529973343424,0.7596144811691672,0.2294732014878379
229,7,19,0.36786103403615084,0.8748972490702448,0.6213791415531978,1,0.6432872054709551,0.9841948607583012,1.0,0.588164095072276,0.27746745796394817
230,7,20,0.7456263581103176,0.1867576105294515,0.46619198431988457,0,0.6357120009101909,0.18311388877904872,0.16886129814426332,0.8542095395466338,0.8046610011032846
231,7,21,0.3462823052408346,0.7311775181732246,0.5387299117070297,1,0.0,0.4435840649025944,0.5160685441550054,0.6244911165320787,0.3793806643314884
232,7,22,0.777482460283559,0.726265840523076,0.7518741504033175,1,0.7207302167471661,0.5687949483456766,0.8516870746782077,0.6923609199273738,0.7485043692021105
233,7,23,0.43972407415677517,0.2950130548400191,0.36736856449839717,0,0.4650990838333805,0.3551901062558046,0.0,0.4412903265504767,0.28425047075011745
234,7,24,0.3641882836638127,0.36399757749960304,0.3640929305817079,0,0.11863756992014982,0.39347751867437886,0.40675776584626655,0.5991543419838553,0.28043802946131746
235,7,25,0.5571301134981088,0.17235816168736345,0.36474413759273616,0,0.5388227470891332,0.4041604235134285,0.0,0.6246186240072749,0.5690414277585413
236,7,26,0.9062404915326838,0.4585304350894587,0.6823854633110713,1,1.0,0.4852250213418774,0.2781070856457766,0.7932638896439106,0.8639934871909466
237,7,27,0.4730755148647443,0.31632730865521624,0.3947014117599803,0,0.4501359341546082,0.09768676338031076,0.25016064202083077,0.527358507383551,0.49335853367032906
238,7,28,0.8378587667628334,0.7945586896095485,0.816208728186191,1,0.7772698811127401,0.6380063535257052,0.938965186969107,0.7720867920860192,0.6372737979060448
239,7,29,0.6113838121630616,0.3559571303897366,0.48367047127639906,0,0.5255411056169119,0.5901427648224012,0.43830421086162463,0.6404064991786921,0.821548199480336
240,8,0,0.4511292710896494,0.389263913450034,0.42019659226984174,0,0.5147369216239438,0.4879743829161656,0.5862141964861075,0.48397390525156686,0.5984005571213199
241,8,1,0.12348696661470399,0.08772875212672555,0.10560785937071476,0,0.0,0.15835575999988444,0.1298866772215998,0.34393973770581365,0.1815691635981892
242,8,2,0.787912208900364,0.5269542769054262,0.6574332429028951,1,0.6414044640243113,0.3681017038461438,0.5999695671746516,0.6330428988012291,0.8554796509573023
243,8,3,0.712385274779253,0.42270509295751385,0.5675451838683834,1,0.8804673636909908,0.3844972813930521,0.10299788027880763,0.773751626382975,0.6998678404629078
244,8,4,0.4325611431031705,0.394948065046992,0.41375460407508124,0,0.18139277842766965,0.557839685486844,0.2506678572050224,0.402391466729053,0.46254648006339405
245,8,5,0.5297771742601967,0.2831773106581377,0.40647724245916717,0,0.7123557403162084,0.45801247994316385,0.05638274438595203,0.4547398059841833,0.5131015564099499
246,8,6,0.6700968503310712,0.23061555372014822,0.4503562020256097,0,0.721417545168084,0.26537484254305566,0.14576117520320442,0.9187591594877138,0.6516249528741062
247,8,7,0.84987896243213,0.27518854241137986,0.562533752421755,1,1.0,0.36232523979424597,0.2412430042549243,0.8457681871909981,0.7639810589127619
248,8,8,0.795046407880662,0.44147778122232967,0.6182620945514958,1,0.7773273542900738,0.43345646632215,0.24291066886837245,0.7779229708893944,0.7730437324056629
249,8,9,0.5408384324854717,0.8160036733512374,0.6784210529183545,1,0.1987887999753949,0.8635851870582879,0.738032862230652,0.6264841311747097,0.4072201532024414
250,8,10,0.20238898716256556,0.37796265326553,0.2901758202140478,0,0.024924514426002603,0.609830232056096,0.22956518594003392,0.43006350887788386,0.21689173291499594
251,8,11,0.46842216727791497,0.5374454181312867,0.5029337927046008,1,0.555311786398068,0.7133035235114615,0.5648572763477161,0.3748999509239411,0.8450326343273145
252,8,12,0.4471352962212005,0.6963963666037547,0.5717658314124776,1,0.2942906895583184,0.4231963520268492,0.4560673504788397,0.6305177909848817,0.3440628119416373
253,8,13,0.6052558971307713,0.7863000059366774,0.6957779515337243,1,0.6622744456841713,0.9762216159868286,0.6678483605516199,0.8563980071409336,0.9451796782827881
254,8,14,0.26797312897678255,0.8202255613380669,0.5440993451574248,1,0.24244617547573846,0.9628465737984837,0.7037642262266763,0.6823004915174411,0.28852331351222227
255,8,15,0.4631749122987018,0.6549390444285693,0.5590569783636355,1,0.38544508372321923,0.8054702804690224,0.44890396404322164,0.7605348339752154,0.615361083488843
256,8,16,0.38898872926142486,0.5178564050788252,0.4534225671701251,0,0.6287703821596811,0.3791944607775548,0.5172018802825428,0.48103641955265997,0.19966554342024392
257,8,17,0.47738573711082655,0.6457528975834417,0.5615693173471341,1,0.3778117922496744,0.629666598850927,0.42441043007764545,0.7954759203174104,0.4288382559499628
258,8,18,0.16559264826540923,0.5317820040120589,0.34868732613873404,0,0.29825963058416916,0.5608942705361107,0.3550594073683492,0.8384117283789645,0.04839206530304531
259,8,19,0.432059029816745,0.4815815730154918,0.4568203014161184,0,0.18263185240180768,0.19051624720332638,0.7727505788548992,0.36950366376197874,0.44358698572429883
260,8,20,0.32567181281761,0.9133930530461101,0.61953243293186,1,0.24842312891425716,0.8535853692806058,1.0,0.6555462348683667,0.2675285129676867
261,8,21,0.29041131894727956,0.16641921301305565,0.2284152659801676,0,0.22018587955770313,0.2758815473874545,0.07335592896958301,0.11094233919531335,0.30274846320492693
262,8,22,0.8854521951520489,0.40149380826943176,0.6434730017107403,1,0.8340458659367347,0.4588771545321628,0.34735285738218763,1.0,0.8386786436291727
263,8,23,0.4992544114864926,0.5811018014988043,0.5401781064926484,1,0.214618737318914,0.4166531461109628,0.6086611956047094,0.6259858970710688,0.39564215203910447
264,8,24,0.5252492969282478,0.21701359675938292,0.3711314468438154,0,0.27772141376423115,0.4306891880897201,0.0,0.4895800802075155,0.6451662735557515
265,8,25,0.9362580187255375,0.8273570054198219,0.8818075120726797,1,1.0,0.8573625640604485,0.8142224152058796,0.7516860450398788,1.0
266,8,26,0.3815879003542675,0.5738044689465545,0.47769618465041097,0,0.3492164855131923,0.32911107573421217,0.35954866583520717,0.25430697054622203,0.37062731159392365
267,8,27,0.813910197176738,0.24095321992882576,0.5274317085527819,1,0.6668402450702846,0.04252820453721945,0.32503408054385774,0.8198540681364624,0.5914882302889513
268,8,28,0.5041841365085287,0.2889307348326338,0.3965574356705812,0,0.5021094412130764,0.15832429688697483,0.5256324432197814,0.3760692116314778,0.49988087244116775
269,8,29,0.7044531191208012,0.652060001209705,0.678256560165253,1,0.7137719412824317,0.588506991572145,0.7276859378674476,0.7165037788031317,0.677727508931503
270,9,0,0.7446645860425399,0.8591422169852309,0.8019034015138854,1,0.7889426267233707,1.0,1.0,0.8995978909457923,0.7055780887285801
271,9,1,0.27666437396668886,0.44759006834005777,0.3621272211533733,0,0.0,0.5194740678669334,0.5670811386539688,0.5287034975599252,0.4069978729909512
272,9,2,0.7814620782077121,0.6154986329620444,0.6984803555848782,1,0.8995793445993255,0.6540179864205551,0.5373828603495039,0.7599472495729552,0.7110931182428524
273,9,3,0.5065191914856716,0.5066834831805538,0.5066013373331126,1,0.411954208372366,0.7058223671587295,0.23934765351728987,0.21411277487770053,0.622183130487933
274,9,4,0.42342663730122515,0.19385320002625078,0.30863991866373797,0,0.5935398063070965,0.0,0.03299394770660566,0.6226894854903141,0.5850344886105703
275,9,5,0.5486028021017204,0.7419035872712088,0.6452531946864646,1,0.6650518795506385,0.6586619256267807,0.910389272106745,0.5297262981109108,0.6256795205601344
276,9,6,0.27431437919654916,0.328350105420094,0.30133224230832156,0,0.22110207523057623,0.2146005169503124,0.10869548368803633,0.37953438042594806,0.0
277,9,7,0.8681918428016967,0.25733231104362914,0.5627620769226629,1,0.6952506481112279,0.13985496233178712,0.2898731184511753,1.0,0.6901407408449641
278,9,8,0.6839185191136233,0.4150373250904897,0.5494779221020565,1,1.0,0.8230687487610847,0.3770391607860309,0.8317820866891962,0.5007102214776038
279,9,9,0.6715676042732146,0.7387442566814141,0.7051559304773143,1,0.35506589732387356,0.7239728111658607,0.76465780572814,0.8557466428467264,0.4461864606548856
280,9,10,0.6703919211982506,0.7679246485392103,0.7191582848687305,1,0.5583652295370787,0.9270156649801309,0.6051513203126943,0.6017866493710283,0.48409712469440425
281,9,11,0.2614996792937663,0.29732269541902057,0.2794111873563934,0,0.33087472695325726,0.003940865992460629,0.4331179594230662,0.29385687831861396,0.4373269465044748
282,9,12,0.1666208305234512,0.6049333226009543,0.3857770765622028,0,0.37298047718843286,1.0,0.5568996785725664,0.9010340737241693,0.06536012583331237
283,9,13,0.700926663703977,0.564941030931761,0.632933847317869,1,0.5264063304209907,0.47238439615449396,0.6632231361275465,0.4441989941763476,0.6401317826027557
284,9,14,0.23911134455572072,0.09732330596567336,0.16821732526069705,0,0.16937918604150376,0.0,0.20566618677613124,0.2935864180723648,0.024037115360023176
285,9,15,0.9575100965127422,0.759170732363713,0.8583404144382276,1,1.0,0.6069319063491433,0.49020439383160364,1.0,0.7029151788779819
286,9,16,0.7894140256281488,0.47010305058514,0.6297585381066444,1,0.8792280773566726,0.5933175355021824,0.42272796563837883,0.6925108761722713,0.6061036881909072
287,9,17,0.40934412026257344,0.6300438870475168,0.5196940036550451,1,0.24101105994846966,0.6861849098406446,0.7228813028882366,0.6077290994346015,0.6926878185203474
288,9,18,0.5821850461540639,0.7429194562963115,0.6625522512251877,1,0.6177158740602822,0.7636679511995697,0.7213921375871676,0.7539706218441504,0.6658591446995963
289,9,19,0.6428489818369335,0.21184976833357766,0.4273493750852556,0,0.5181689248872454,0.0968606281953545,0.2131507233143203,0.6138749687614249,0.5634926348197086
290,9,20,0.7956683750105082,0.8643176280623815,0.829993001536445,1,0.9281097863136194,1.0,0.8570356690989785,0.7775833970013699,0.4331109013809948
291,9,21,0.042222001175512544,0.5470995939269896,0.2946607975512511,0,0.0,0.5671964736735835,0.5325363018646595,0.47575749181884514,0.0
292,9,22,0.2662638173099887,0.11903504111203943,0.19264942921101408,0,0.46263792401882775,0.0,0.18228176116915126,0.05302601054284414,0.5433748438771956
293,9,23,0.48783479719049017,0.4994389028741287,0.4936368500323094,0,0.6684033885893603,0.3699409765519339,0.39872415052840565,0.39545853426948974,0.43622849463593844
294,9,24,0.8369208703350686,0.27649242991920037,0.5567066501271345,1,1.0,0.45214883072543066,0.17343306096660882,0.7864432917625745,0.9996474505372609
295,9,25,0.7986997167955144,0.7268696593735687,0.7627846880845416,1,0.9057930166323203,0.9706753954832272,0.4659862224118881,0.6399876649337986,0.8052484145166127
296,9,26,0.37412969148003894,0.3968043915198219,0.3854670414999304,0,0.3748747139362619,0.3731208549014116,0.2818730565024769,0.3888313906100989,0.17444788668352262
297,9,27,0.5156680169755825,0.6401943279071691,0.5779311724413758,1,0.5594441939170733,0.8193111761532699,0.47462939744938226,0.3141481484867758,0.5386161395451552
298,9,28,0.5343109878766052,0.5225262618175446,0.5284186248470749,1,0.7282174151421071,0.37298126082455396,0.2711498151308624,0.4199503427456199,0.414422959986373
299,9,29,0.6121568979569554,0.29498245758781333,0.4535696777723843,0,0.3592246138151224,0.08818198067443642,0.2917099818917824,0.6655543017348287,0.7372849246394543
300,10,0,0.1751237840944213,0.8939191174157225,0.534521450755072,1,0.1778436424764689,0.9707529344528325,0.9962717961794398,0.8445122254327053,0.07122480548346367
301,10,1,0.7994628464909841,0.2628013465554391,0.5311320965232116,1,0.8950633324005037,0.376243341799402,0.14249670604463727,0.8379201857312201,0.881301074735481
302,10,2,0.46141867714592694,0.7746671008694647,0.6180428890076958,1,0.22237284159481524,0.4891756970970678,0.8023846611945581,0.8063403058220482,0.5150996123723842
303,10,3,0.06720153327479028,0.4454661318940012,0.25633383258439574,0,0.0,0.39883201749141284,0.6266671848050487,0.2843780871756906,0.18681573696422898
304,10,4,0.36012873640474413,0.1864543941878065,0.2732915652962753,0,0.3871519639337574,0.3133768850799027,0.0,0.5193894955642138,0.2956397872537646
305,10,5,0.20315994132926668,0.4562674362012768,0.32971368876527174,0,0.40871536618577686,0.4123060611441682,0.696924533269957,0.40480924178052197,0.2884313317806626
306,10,6,0.5049510400391503,0.8454976361869337,0.675224338113042,1,0.5763741668107967,0.9948280382467981,1.0,0.8899900111232567,0.5739362628569636
307,10,7,0.19382070837922513,0.5882633311710065,0.3910420197751158,0,0.09176654483122053,0.4866342884796849,0.4884467322574931,0.6059545311707716,0.2214945012199895
308,10,8,0.6418290079614714,0.7867604215878446,0.714294714774658,1,0.8392791984692056,0.5926186265058594,0.9113623404511976,0.6961962001625895,0.7065705027350057
309,10,9,0.313257566057895,0.67650026410124,0.4948789150795675,0,0.4959142281072457,0.5218831981977285,0.49859237842496906,0.38092326914660324,0.39221580320881677
310,10,10,0.6841733959498179,0.8585890447089742,0.771381220329396,1,0.6103555171180947,0.8993910824640768,1.0,0.8752065007161467,0.7067532853752064
311,10,11,0.8172213097339255,0.33817717935797936,0.5776992445459525,1,0.905486563407281,0.29738552748159325,0.6490000323746586,0.8352830400173922,0.8332655266567313
312,10,12,0.6518070516658949,0.103994436642107,0.377900744154001,0,0.6007349319593613,0.0,0.0,0.475617528786891,0.3404547798604733
313,10,13,0.35521849058024835,0.59733921430758,0.47627885244391416,0,0.2979118842369898,0.48862641262092704,0.5928594635133587,0.6289833793717645,0.4845058094666202
314,10,14,0.5109510044278947,0.8815831303344773,0.6962670673811859,1,0.8107723814493155,1.0,0.8507648431056097,1.0,0.564113349578286
315,10,15,0.403845553543736,0.16612272615231108,0.28498413984802357,0,0.2621233912974008,0.1848351529397515,0.0,0.334835586550439,0.5192487795371258
316,10,16,0.40624983062009756,0.7561712066038508,0.5812105186119743,1,0.3400978216056068,0.8821183684092712,0.6683222766002852,0.6509944795149724,0.19101023950977145
317,10,17,0.7907698126049492,0.7839663659975745,0.7873680893012618,1,0.7362744045328535,0.5906976378558693,0.7422995854893484,1.0,1.0
318,10,18,0.1847289516439007,0.14785219907961947,0.1662905753617601,0,0.34923924326104283,0.0,0.26161643127356676,0.4167750026781267,0.06722148122887481
319,10,19,0.8921289414264494,0.5380286307274343,0.7150787860769419,1,0.9600272832482938,0.5844527265907774,0.45055521099492485,0.7177615302124913,0.8322988891114282
320,10,20,0.5823660651930178,0.49585031078985803,0.5391081879914379,1,0.4010036961961476,0.3272112446598444,0.49502524125209213,0.4763940281225913,0.8660522386338173
321,10,21,0.4658474001173825,0.37919435268002905,0.4225208763987058,0,0.42313939385764376,0.24133382835366113,0.39924368741144056,0.6482750340271098,0.40578433463573754
322,10,22,0.6678701167025886,0.5781447354967253,0.623007426099657,1,0.5632166800213294,0.6126637947812924,0.4275599984167825,0.6733903487258466,0.8278081567291612
323,10,23,0.31355981660542676,0.4967032847438379,0.40513155067463236,0,0.48361941847501444,0.6928506242994559,0.637826581225403,0.5839207436876737,0.21675713455740214
324,10,24,0.39564739667233617,0.4798519433024791,0.4377496699874076,0,0.21721471284101362,0.556104428086201,0.6210407731499723,0.6197236218108166,0.30457076741314926
325,10,25,0.9076493944743125,0.7748390138076496,0.8412442041409811,1,1.0,1.0,0.7174495509562152,1.0,0.779236921632314
326,10,26,0.9095067067697327,0.6188297401836272,0.76416822347668,1,0.868631690811392,0.739843354623994,0.5416224884640777,0.9206587081657116,0.8216115335826955
327,10,27,0.45400556347976284,0.35685367369716037,0.4054296185884616,0,0.35428187660763055,0.25575673634474294,0.34464645895367696,0.21178557869221576,0.589830369923217
328,10,28,0.6089977981787217,0.519254439032155,0.5641261186054383,1,0.9411481407350395,0.6027024944235155,0.6756543796732642,0.17291284475856955,0.5699407098456681
329,10,29,0.7453572934041643,0.8352342776255326,0.7902957855148485,1,0.28970695842662486,0.6525621681619611,1.0,0.9992956618207381,0.9207043522482186
330,11,0,0.5334762588238365,0.5621063992244932,0.5477913290241649,1,0.6968039641381063,0.42310936065449134,0.6494066664490087,0.5738690636516871,0.4050059776663567
331,11,1,0.3082495674214093,0.44216879397753417,0.37520918069947173,0,0.17196277547739924,0.42380777646933304,0.1490932870428564,0.44370102842094816,0.14995909405214994
332,11,2,0.20464441901007077,0.7501939928545639,0.47741920593231735,0,0.243189938700155,0.6803303078234025,0.5189397028717622,0.818035024149414,0.31298620815368877
333,11,3,0.6032801379079736,0.35593801776224304,0.4796090778351083,0,0.6549362514146528,0.3239664169510762,0.3376340479919402,0.5067741433281558,0.5824161645734712
334,11,4,0.42283079484889613,0.8819207028486542,0.6523757488487751,1,0.3493556428103342,0.8669785462209889,0.8349964408168706,0.87296095235834,0.21522291053961373
335,11,5,0.3539624412763597,0.20077349856817925,0.2773679699222695,0,0.27074512609690043,0.16059735871926153,0.22496712261750829,0.41693509866595324,0.25845596330649573
336,11,6,0.3031112879011138,0.5694922341541271,0.4363017610276204,0,0.47108446020906347,0.45803019772408365,0.5444052746143326,0.7423947218876208,0.4221005552865934
337,11,7,0.6730899747548529,0.5417910972618452,0.607440536008349,1,0.9396662035573067,0.3635303701343918,0.31442483004123756,0.627503045719541,0.7036791137784935
338,11,8,0.5149421314779427,0.36339106229135726,0.43916659688465,0,0.5531371304097024,0.34101087779205047,0.25751270850988306,0.607077499054415,0.5714340130311795
339,11,9,0.5306280378645272,0.6078074537618233,0.5692177458131753,1,0.7042134822371166,0.6989716804538628,0.5588801791613783,0.6300220687546606,0.5771508290743735
340,11,10,0.6273186905289718,0.9461783818817957,0.7867485362053838,1,0.7496132611972921,0.6432196308973877,1.0,0.9350638925368687,0.587104415578739
341,11,11,0.8141371438822899,0.4672579618139951,0.6406975528481424,1,0.8772472219235495,0.7198334404189255,0.4096582601389232,0.6449190718736699,0.787144392317075
342,11,12,0.3251002972843647,0.2470238716503766,0.28606208446737064,0,0.20067683352963697,0.30007197972388067,0.30168885235701176,0.18596170273000326,0.6427266801411139
343,11,13,0.850233375696912,0.28011486593720014,0.5651741208170561,1,0.6738428781819524,0.11441708753635901,0.3066311457234141,0.9338268968876698,0.846075837641691
344,11,14,0.643541999927801,0.27207664840362106,0.4578093241657111,0,0.3961984215910711,0.37664243279299076,0.14440087175952152,0.49973861074881254,0.8119840767238333
345,11,15,0.2173921107054401,0.4540550552330614,0.33572358296925076,0,0.44093997201232277,0.5781516598303866,0.26624573551434594,0.5261565102002006,0.33148538391132926
346,11,16,0.6564312419984388,0.16327083924770983,0.4098510406230743,0,0.5830623490468353,0.07811008405901977,0.11156335748313082,0.7871541581804609,0.8012377404033414
347,11,17,0.63462371178155,0.15287871730273092,0.39375121454214046,0,0.6022755337364056,0.0,0.24346027372772605,0.7599015250230229,0.541953671953428
348,11,18,0.25105355172242516,0.26775986118652717,0.25940670645447617,0,0.12609090748244228,0.3512059390803378,0.17395478372701167,0.16053107103909608,0.2545702621337788
349,11,19,0.4585637215022178,0.15176318228543761,0.3051634518938277,0,0.23124690521341687,0.05951759599271211,0.23802694359471233,0.41679251414432056,0.47210594909400705
350,11,20,0.11948864132520802,0.5281145793549427,0.3238016103400753,0,0.08789994527039,0.5233754927530505,0.6139012405253812,0.31269955598492655,0.40919356583048333
351,11,21,0.5024857665607462,0.6875319396320301,0.5950088530963882,1,0.5058690006617158,0.8711018187992706,0.5344086596912768,0.7158706375988456,0.4731403450365811
352,11,22,0.484882618626413,0.5533714059785666,0.5191270123024898,1,0.30324175179037616,0.727590201886315,0.5468645256105422,0.5310184695865326,0.39995397629001644
353,11,23,0.295052849446497,0.7381676029650647,0.5166102262057808,1,0.3240691330785691,0.9647159454708123,0.6927309841279472,0.8260970045184233,0.34843121083020445
354,11,24,0.5381157416420081,0.1617577980513655,0.3499367698466868,0,0.5220009117078873,0.09734350155350023,0.13246212554197717,0.582027698960456,0.5200340355505924
355,11,25,0.4739815483593109,0.8288566978338184,0.6514191230965647,1,0.6896517981831132,0.9429792298822259,0.6720669011724133,0.5647741862656184,0.3003507586579945
356,11,26,0.5620075811109798,0.5709644758788839,0.5664860284949318,1,0.7599279775004061,0.6559753790891718,0.7465721619312566,0.544945277167774,0.5720738056554392
357,11,27,0.313539923335461,0.3684242956152978,0.34098210947537944,0,0.33509932730515746,0.31658254257677204,0.43751747793286944,0.24555488116295549,0.22936539915648707
358,11,28,0.7606138288880374,0.8386434286667626,0.7996286287773999,1,0.856210911542068,0.5563877839893324,0.7471668185773466,1.0,0.669122745378243
359,11,29,0.7200834714345369,0.3494830694361816,0.5347832704353592,1,0.8352337783869632,0.48698350210782787,0.42409035730296785,0.5176117559654625,0.759301674072799
360,12,0,0.5238665135855529,0.31659980015923067,0.4202331568723918,0,0.6357923915469579,0.28390282659423605,0.051738639912167095,0.1874052175910118,0.31737794837835753
361,12,1,0.16012858488291326,0.30958603499647797,0.2348573099396956,0,0.10696439189748565,0.14707350040459655,0.28066003747630136,0.5789050121984519,0.0
362,12,2,0.3844516724113284,0.8320578401495179,0.6082547562804231,1,0.6302767093439986,0.9770506714127237,0.8907212267563025,0.9206883914415784,0.3592040493128712
363,12,3,0.8838532830676763,0.3045759898648661,0.5942146364662713,1,0.6065134946785963,0.10508013756347317,0.3435620081512118,1.0,0.8853348925253992
364,12,4,0.07352501856408317,0.7005520737615506,0.38703854616281685,0,0.09389734387887028,0.7241298222458687,0.6549718087792066,0.48235985335752957,0.0
365,12,5,0.6349629159608975,0.8246337702238279,0.7297983430923627,1,0.30554297131819136,0.669879682586676,0.9820371622993886,0.919997892199437,0.3884035133644023
366,12,6,0.2785196203839575,0.24676496752943067,0.2626422939566941,0,0.3393384243236865,0.017914166049628588,0.33550472621665683,0.2637154681600344,0.5175303352625316
367,12,7,0.8565238617337826,0.31707165174617147,0.586797756739977,1,1.0,0.3089739329559203,0.19698488208710527,0.9955705198994088,0.9698378874498683
368,12,8,0.43584349931941807,0.18104704476556774,0.3084452720424929,0,0.4128831729068423,0.0,0.17373619288549721,0.3569392034293324,0.4166648224936715
369,12,9,0.4897022854028154,0.12770720988973153,0.3087047476462735,0,0.625813361069118,0.0,0.16106664264952997,0.47146717057134807,0.5894560296564425
370,12,10,0.64992141287065,0.5230809029430709,0.5865011579068604,1,0.7376554310676209,0.5751450130120528,0.4107170039360125,0.7056149965837983,0.7345575143009533
371,12,11,0.28681327452729966,0.627662442340227,0.4572378584337633,0,0.019871976699244953,0.6087977041034142,0.6783015989175454,0.6766208249760881,0.3191852462508051
372,12,12,0.9140021175475151,0.34442798784614287,0.629215052696829,1,1.0,0.41168981529094495,0.3249734451153024,1.0,0.767739329337655
373,12,13,0.16069881744384348,0.28245541439631955,0.2215771159200815,0,0.1670670746969214,0.16535168149662333,0.05135633493738334,0.10640285408634934,0.24056467069222243
374,12,14,0.7594316014514728,0.27737825556175216,0.5184049285066125,1,0.797115490180261,0.3832851381647019,0.2875187171291067,0.7491296331737656,0.907980939841168
375,12,15,0.21416584000369404,0.35714826627240476,0.2856570531380494,0,0.15991896987809245,0.1216751275584847,0.2613831507170889,0.251722371304925,0.0
376,12,16,0.7730743687308514,0.2072967687721585,0.490185568751505,0,0.671713230995363,0.3428571736019044,0.2664601727165283,0.8032405341772401,0.6856759507646495
377,12,17,0.802634269850278,0.9161421803784755,0.8593882251143767,1,0.9334532265245443,0.8357548989101593,0.9653086243611266,0.8524006204231879,0.5064507636110298
378,12,18,0.38556330172658343,0.8278859368651041,0.6067246192958438,1,0.4764181509016897,0.7311135886596297,0.8172533358169749,1.0,0.3499215048785056
379,12,19,0.05573885380340113,0.4791327982371322,0.26743582602026666,0,0.08225892330895823,0.3568515518722112,0.41782357506343903,0.7740099251059583,0.036784403222062154
380,12,20,0.7825391005705861,0.40628545704056207,0.5944122788055741,1,0.8099112605487179,0.4683471102051441,0.31117945589239293,0.7857786759221561,0.6397620108244394
381,12,21,0.6732852157290835,0.5167582506973948,0.5950217332132391,1,0.577600180166789,0.5211755329480257,0.6546560057518696,0.7218588044360698,0.9987646804899577
382,12,22,0.9182803040276393,0.4303598648756016,0.6743200844516204,1,0.8651694688351804,0.5330238716943101,0.3931030079348671,0.9413752924443493,0.8408783627710521
383,12,23,0.7668576854822553,0.5925072075579577,0.6796824465201066,1,0.9455760004293162,0.8445005082284458,0.5197668546372372,0.7642129253122263,0.9828798077169556
384,12,24,0.573961165496976,0.7470107019967462,0.6604859337468612,1,0.38863640772560615,0.7012179332948226,0.7554889297352322,0.7406833367239455,0.5488019144392426
385,12,25,0.676329773201971,0.2819496812957092,0.4791397272488401,0,0.6450893720044131,0.3107694868932219,0.0,0.4737093079128465,0.8723534249473784
386,12,26,0.7453667234002661,0.23869973109448148,0.4920332272473738,0,0.8782931168654698,0.19530831219610872,0.1924344120913894,1.0,0.7629010787636434
387,12,27,0.4212458909517615,0.816444281328895,0.6188450861403283,1,0.527445252496027,0.6385158739743835,0.8400871103052407,0.9765627356294584,0.400907484089109
388,12,28,0.277824641486881,0.4536413345040888,0.3657329879954849,0,0.38810376867105295,0.6268405371650486,0.5675175692579298,0.7107617749247013,0.23249199051037445
389,12,29,0.35902517245423654,0.7875030099373742,0.5732640911958053,1,0.30752247560826107,0.7618705655244395,0.9588595690020758,0.7872940138200899,0.3302314760772191
390,13,0,0.7329930265200151,0.6136358951282718,0.6733144608241435,1,0.7619711437621929,1.0,0.8130300468648914,0.7219010874212289,0.5600340043490147
391,13,1,0.9298969351551023,0.7208246020941296,0.8253607686246159,1,0.930405211165699,0.6619926091555303,0.7041468279396436,0.8928302189734492,0.9901869844094175
392,13,2,0.8169788150676075,0.41249615334356693,0.6147374842055873,1,0.6565824160405154,0.43436484263836406,0.5933909539550335,0.8832327439477649,0.8766852982973855
393,13,3,0.5612203949732899,0.8185362011551427,0.6898782980642163,1,0.5828655617005339,0.657623800862681,0.8585843680685531,0.9917032652874603,0.6834551364376407
394,13,4,0.4841451937415329,0.3312082998412334,0.40767674679138316,0,0.683762227702979,0.3379956130531563,0.5460320750372503,0.6279972954639168,0.2504706586616565
395,13,5,0.26310216521111196,0.6020584796431989,0.43258032242715544,0,0.4203100539603175,0.5390809582951774,0.39144769186973555,0.30876827004676716,0.47336188766701215
396,13,6,0.3426712999381112,0.3568346043975714,0.3497529521678413,0,0.4852205057874504,0.327708469243725,0.2449438535998102,0.26368963224774744,0.3426630868309193
397,13,7,0.1807209093289775,0.8752061520345766,0.527963530681777,1,0.07378708792960116,0.6684677044901676,0.7582876911203875,1.0,0.01592056294291949
398,13,8,0.8948643893227457,0.15782466943801982,0.5263445293803828,1,1.0,0.03598893894960413,0.10805340960263182,1.0,1.0
399,13,9,0.5799307657093176,0.36109786393531484,0.4705143148223162,0,0.8007641462522608,0.18218577692105772,0.4018702784515226,0.26316987514629003,0.4022115126674157
400,13,10,0.45599273504887616,0.20316366442447312,0.3295781997366746,0,0.42808222640964777,0.0,0.18339509305034313,0.6146902619312081,0.37715795077696507
401,13,11,0.9178457329530469,0.2756524494476468,0.5967490912003468,1,0.9978938101841359,0.1550337089159195,0.0,0.9929057118408778,0.657368306714918
402,13,12,0.23341548733485604,0.6316659860103508,0.43254073667260345,0,0.3369656237131694,0.5907853251654055,0.5573382112822508,0.6247424648052682,0.24420939097892955
403,13,13,0.6469532352338299,0.2934306460081367,0.47019194062098324,0,0.5355631108100768,0.3437882957502404,0.3511172590565417,0.9982374725168908,0.5368997541917687
404,13,14,0.07418528621641088,0.18409748295539524,0.12914138458590307,0,0.15189616647364523,0.3599712868139976,0.12849776819869768,0.26946916114883923,0.17889390721495446
405,13,15,0.9577606111124544,0.5678525310907699,0.7628065711016121,1,0.8097073061980911,0.4511824347760799,0.5170319109407293,0.9196500620148612,1.0
406,13,16,0.4011374951448936,0.7400327426047061,0.5705851188747999,1,0.3018906850555919,0.9536764941970304,0.7423389173945258,0.8007753466680962,0.3396319279525026
407,13,17,0.4418610279029543,0.15181124443376767,0.29683613616836096,0,0.5382591108028851,0.18977941092237643,0.0,0.32858265411483834,0.36330223018694874
408,13,18,0.5657654223439711,0.6650170629794802,0.6153912426617256,1,0.7843338615454616,0.713553532785375,0.6472454297472054,0.6234265037494631,0.5446749081365856
409,13,19,0.6472960364123924,0.48599334027288454,0.5666446883426385,1,0.40880460191993884,0.4804977472027787,0.4991789045852894,0.685568371842469,0.687365526767506
410,13,20,0.3751893779849565,0.6385890827334195,0.506889230359188,1,0.20183689647854072,0.5169571903129331,0.42327069529275513,0.7634240093914568,0.5589223146375809
411,13,21,0.29922914997732053,0.1930503125043539,0.2461397312408372,0,0.08971651370059444,0.18447857791807507,0.07668388185735067,0.12053186711745681,0.12868865424192275
412,13,22,0.7043511388053817,0.689362469354696,0.6968568040800389,1,0.7676567075670861,0.8511035121474095,0.7046561288288246,0.9817623107575117,0.7087252729528264
413,13,23,0.43384080541093856,0.4651553066948875,0.44949805605291304,0,0.2144778799451276,0.6592907359425432,0.7223501472865803,0.4682929867262608,0.3613489809524507
414,13,24,0.336556686135066,0.2573518244288746,0.2969542552819703,0,0.6468641276845846,0.3245849063517832,0.21831307650193058,0.3445422465235471,0.39199928255028343
415,13,25,0.3622381231925545,0.058323178176258025,0.21028065068440627,0,0.4849858098905164,0.0,0.22050783603963559,0.17078302585936683,0.22589338790081723
416,13,26,0.6919470284854342,0.4312797027869264,0.5616133656361804,1,0.8155128215166256,0.31438890010300113,0.5303626064992084,0.6251121478578135,0.6373819902789727
417,13,27,0.7488026548975891,0.4352402346709829,0.592021444784286,1,0.5054579111568374,0.5597803594774383,0.47518645279192057,0.7457085061802472,0.9108537900410277
418,13,28,0.35005227891754714,0.6286430233106993,0.48934765111412326,0,0.5382558243192932,0.6551186319235734,0.7643799876657547,0.6689295819345106,0.356873906903014
419,13,29,0.7552975659792047,0.5895349709010509,0.6724162684401278,1,0.8382882690138177,0.6493530408531452,0.5935830550290379,0.6538179474518337,0.9320105198364932
420,14,0,0.3712967406787798,0.31413714642973434,0.3427169435542571,0,0.3706577160142879,0.22321957982192026,0.07081582734314229,0.4390722276176528,0.2519382003174776
421,14,1,0.22117536122814746,0.5646117107223391,0.39289353597524324,0,0.0,0.8923009939717187,0.596475400434258,0.3824601282353526,0.18897160578733316
422,14,2,0.29747480470759924,0.511293839666649,0.4043843221871241,0,0.10254582110047147,0.4185984679487189,0.594762421104918,0.3561643238122162,0.5565780655786703
423,14,3,0.29213722127255143,0.6950731725730681,0.4936051969228098,0,0.38084676338792367,0.8571717723597365,0.5977604319187406,0.7832669163376388,0.19197065664916133
424,14,4,0.8066055603937309,0.7032029865128893,0.75490427345331,1,1.0,0.673336774987864,0.5451047847018361,0.6999128938395098,0.8167226674937741
425,14,5,0.6894033864583219,0.3640758372417916,0.5267396118500567,1,0.6183080344565519,0.27242671527815365,0.4078577448002689,0.4701814818176929,0.5179708793497692
426,14,6,0.7583909594804834,0.11137781463860422,0.4348843870595438,0,1.0,0.0838032239857559,0.1222911504807698,0.9000048375503268,0.7631038470048873
427,14,7,0.3404084500756861,0.6114008787305797,0.4759046644031329,0,0.29580718293889197,0.4292661764566683,0.558176495097,0.5336866923271848,0.35529751347636884
428,14,8,0.8521255818382583,0.49554383018238984,0.673834706010324,1,0.7705475176178324,0.5342699587834712,0.27192939925139403,1.0,1.0
429,14,9,0.6578847706444116,0.5169512657510976,0.5874180181977546,1,0.7493366047283544,0.6557529992270136,0.24528888821270256,0.8622479009287434,0.6836471531645082
430,14,10,0.2912676249817017,0.2875995617337501,0.2894335933577259,0,0.4625750796620086,0.48743111598671207,0.36490945183691464,0.2990343479814635,0.3281010081214768
431,14,11,0.772095954380128,0.7602448952170249,0.7661704247985764,1,0.7170996080478143,0.9359528171382574,0.4817830035396353,0.8334385312834487,0.8218713775858529
432,14,12,0.43053893782907254,0.49211143598699264,0.4613251869080326,0,0.32884518195296836,0.5403401062756141,0.4392443235170621,0.47884990268696476,0.5752308151087513
433,14,13,0.41422292713935177,0.1715139518351879,0.2928684394872698,0,0.6658921349977776,0.24039365004828095,0.0,0.28167858282284086,0.24299109516623427
434,14,14,0.14386799594182462,0.34929854535339794,0.24658327064761126,0,0.0,0.42749621239035507,0.12799562646530074,0.4591106048355066,0.05785217173067843
435,14,15,0.21791251148747376,0.10182040196299404,0.1598664567252339,0,0.20624258054907438,0.06899836116212686,0.0,0.1875480649635753,0.25843793984340135
436,14,16,0.2792782423768567,0.38381660248705124,0.331547422431954,0,0.25203458649059857,0.16131589118546963,0.48444402106950435,0.0,0.3978199079220741
437,14,17,0.23930295436647092,0.6562215026202171,0.447762228493344,0,0.0,1.0,0.6284854358059436,0.6370533825478284,0.4029300088871087
438,14,18,0.820620127560214,0.35567570527440273,0.5881479164173083,1,0.907506213963287,0.47760873866358733,0.16832592344936814,0.8628872087316177,0.9176752941233027
439,14,19,0.07716248373011905,0.403272094238904,0.2402172889845115,0,0.03846565353413846,0.5923609242629293,0.3900323056414292,0.43322374062185265,0.0
440,14,20,0.33092347808997863,0.6447855334422112,0.4878545057660949,0,0.3976821671874212,0.4224562534293782,0.5237333250137376,0.6019336428671939,0.3749236895384221
441,14,21,0.4698202938809683,0.3960997724124417,0.432960033146705,0,0.3979133267097477,0.6887457438301794,0.4720271556803212,0.4758278551601322,0.3096577808348464
442,14,22,0.4616483244847117,0.5206009404764453,0.4911246324805785,0,0.4789036071439312,0.3352542070612592,0.504985851325289,0.6549193577471139,0.5186938498185569
443,14,23,0.5656978954681432,0.2056768233409121,0.38568735940452764,0,0.8685858712879113,0.10975195729733787,0.10455490614182406,0.6262966151385712,0.6926374578928086
444,14,24,0.21395836507112195,0.9520564496627195,0.5830074073669207,1,0.127662080605979,0.9672330731601635,1.0,0.9837827253070733,0.29020579107141126
445,14,25,0.5518829627987487,0.1182223171655768,0.3350526399821627,0,0.2632691711552077,0.053271108464707395,0.1094032824998835,0.6340238183622185,0.5227445171694431
446,14,26,0.3438205804026002,0.6846818529809852,0.5142512166917927,1,0.34970084855920897,0.5434602648010842,0.6053964949981632,0.8621895640718891,0.009248751065284055
447,14,27,0.5948053961306926,0.05624107727519237,0.3255232367029425,0,0.32858225349801923,0.0,0.0,0.4908376466347462,0.3338428308666862
448,14,28,0.3710603094341218,0.7784644000512717,0.5747623547426968,1,0.3596951642941579,0.6743735438234228,0.8379261975603188,0.7039180409464955,0.5470846727628133
449,14,29,0.26586328157906075,0.2951753399938567,0.28051931078645875,0,0.036346208345618414,0.10587996657084217,0.38547981876050236,0.07053972593397331,0.3289540615795162
450,15,0,0.8114359549066958,0.23331691325887616,0.522376434082786,1,0.7029635828589502,0.34107297512221213,0.1047857200195173,0.78396719486034,0.8247082636896957
451,15,1,0.7420384008515695,0.11315835936239652,0.427598380106983,0,0.565758016386581,0.2886228541579675,0.08455263282789821,0.4111582115303407,0.8067176906336034
452,15,2,0.7577130998859533,0.2626365046499701,0.5101748022679617,1,0.3603455538492598,0.3298854577463961,0.1384845853453167,0.7111236622195592,0.6112599811765824
453,15,3,0.6007065128965208,0.5731767060490757,0.5869416094727982,1,0.8021943412348255,0.5170085027992093,0.6502988510590464,0.584210533863692,0.5768096908468049
454,15,4,0.12490924933479618,0.4278805387550297,0.2763948940449129,0,0.08453764262316367,0.45901681335571687,0.4578279391132386,0.7378229981822702,0.06540667268383024
455,15,5,0.15620607555112478,0.6786686157790207,0.41743734566507273,0,0.013702490494346492,0.6491479666413654,0.15506266205984198,0.3507374434036232,0.0
456,15,6,0.6295355906875666,0.6864948405091036,0.6580152155983351,1,0.549626178993525,0.9287068906908428,0.4549761309478873,0.7207296158062392,0.708601934701951
457,15,7,0.7864144706683159,0.5264320766291984,0.6564232736487572,1,0.654950209813997,0.599360607582067,0.610704042441266,0.6706319411590389,0.7899146008966096
458,15,8,0.30429248539949033,0.22391837866531503,0.26410543203240266,0,0.16139716877299534,0.15500809021099793,0.2417851855155088,0.2239866207963539,0.5850115298277401
459,15,9,0.5074740607804141,0.5440184842110108,0.5257462724957125,1,0.6361043826931729,0.43194954663954166,0.6097848610069845,0.6104307453562628,0.4869386868494696
460,15,10,0.7226100436825547,0.3610702685522894,0.541840156117422,1,0.7931077770781979,0.3133155272113853,0.0,0.7291758485692135,0.8450988824457358
461,15,11,0.5732911687622428,0.8612426717372522,0.7172669202497475,1,0.43982344562618436,0.9315353882622694,0.8586153289807988,0.7160692094145218,0.7066484815762915
462,15,12,0.9073180528257722,0.5775521328915341,0.7424350928586532,1,1.0,0.5071379904320282,0.4856057553709335,0.9954859316652017,0.9599707485266442
463,15,13,0.1365074671596464,0.4704885849729116,0.303498026066279,0,0.2692501570966935,0.19662450807827536,0.5350032206929626,0.6844890910990851,0.07393577636026963
464,15,14,0.6130503258305511,0.40890315470723815,0.5109767402688946,1,0.6819999030853405,0.6396702514421755,0.18163766963935782,0.43701801304784027,0.6958085693371397
465,15,15,0.3880686477734873,0.256730210798085,0.32239942928578613,0,0.4006194816096161,0.4477602414465834,0.3507449841051007,0.46942228294369714,0.4832461169265838
466,15,16,0.5488722063084749,0.5234388919349068,0.5361555491216908,1,0.6519730512633354,0.817512565033073,0.6399800636014437,0.39655286192570294,0.5587461610295672
467,15,17,0.7539973557914353,0.22854220531320488,0.4912697805523201,0,0.7034870240517136,0.23116048940639566,0.35807656354893036,0.7622368643576177,0.4681692831753796
468,15,18,0.46750460265932875,0.2675603712688915,0.3675324869641101,0,0.4230262848068502,0.24941767766588224,0.09904634403661397,0.6755133280304586,0.5358681393675859
469,15,19,0.6976595827084537,0.1476257434131728,0.4226426630608133,0,0.6184493429800632,0.2045366159190591,0.0,0.4183319699675609,0.7839362054434903
470,15,20,0.4055796049460305,0.6406861284846996,0.5231328667153651,1,0.5177082616855881,0.5482485383750766,0.5264849769578144,0.7511373515227759,0.23216268215171112
471,15,21,0.7495597383058445,0.8891114239819944,0.8193355811439195,1,0.7986773171118393,0.9555968597806614,1.0,0.9973122249884564,0.6809296902149047
472,15,22,0.5288273621344449,0.20485244236192862,0.36683990224818674,0,0.6504134649559928,0.06545517525406516,0.04823569680720188,0.5659257761677972,0.30153315985653184
473,15,23,0.44391207905493985,0.14149915654803186,0.29270561780148585,0,0.3809527035312974,0.0,0.2527209805233926,0.4029781006259104,0.28920693059331326
474,15,24,0.597223210808432,0.7637517344291896,0.6804874726188108,1,0.6578548025299606,0.7017928727175248,0.8937847899572293,0.7428557493030706,0.575527713561063
475,15,25,0.06031300653552293,0.45935743137963314,0.25983521895757805,0,0.25411417944705117,0.43539924244041905,0.3009539427585448,0.497609671402136,0.26373278833513886
476,15,26,0.7165877619231227,0.8910380262532502,0.8038128940881865,1,0.5011400505414951,0.672895584425256,0.8670343268160151,0.9311793946443421,0.6949946376705676
477,15,27,0.40074917269779164,0.6003659498385743,0.500557561268183,1,0.46282989504381533,0.7469957187773314,0.6739039086878368,0.6802486675783344,0.3713069783847744
478,15,28,0.4520999842609372,0.42012811218078727,0.43611404822086225,0,0.38736630308880365,0.15523070100994613,0.48583856902706074,0.815607256188887,0.5731045467128644
479,15,29,0.41625797499774736,0.5770657700609895,0.49666187252936844,0,0.350953162673299,0.6859202998896292,0.5544719163655215,0.507716800283849,0.5038959127349081
480,16,0,0.4155402315699801,0.1282773665618965,0.2719087990659383,0,0.33310956430860617,0.1376045185719587,0.3142342438845219,0.2859839360332887,0.4049136802425015
481,16,1,0.3527342938708092,0.4216281262322157,0.3871812100515124,0,0.47236492967241683,0.6722226749162865,0.13529695366304118,0.49245486356198426,0.31612360079544644
482,16,2,0.2867787959171918,0.7472556162276217,0.5170172060724068,1,0.5555142056897875,0.7272808867884024,0.7986163020353668,0.4814460431411302,0.2425751345977813
483,16,3,0.27855825047667787,0.6590546010316297,0.46880642575415377,0,0.3574432604220627,0.6248264597060997,0.897639188465734,0.854538360236932,0.34386114455217376
484,16,4,0.7137151491222504,0.8302845757600269,0.7719998624411386,1,0.6093402868624169,0.9609992721820327,0.95734825092858,0.7337977758399147,0.6076387655444758
485,16,5,0.785314365565502,0.6247386130197121,0.705026489292607,1,0.6279778827733191,0.783442679715421,0.8276869257575598,0.5143112147941684,0.8071009638420106
486,16,6,0.9671234768317984,0.25431795089698556,0.610720713864392,1,0.7944241207751213,0.20448844732036603,0.350279677595697,1.0,1.0
487,16,7,0.21621335399500435,0.4190877464689481,0.3176505502319762,0,0.428504745864334,0.3374479022562443,0.35991661845598805,0.5814517758841099,0.3379236181534679
488,16,8,0.4540923591947235,0.40005843290410725,0.42707539604941536,0,0.2332749346676764,0.33257516044534874,0.2668970090666982,0.4763438457796389,0.45583010146978903
489,16,9,0.6065259203984124,0.4243263858543376,0.515426153126375,1,0.7421280639701319,0.4462655412511635,0.34043096288673175,0.6703924309619337,0.739845967160512
490,16,10,0.3997784716128407,0.6179881191744988,0.5088832953936697,1,0.45464776581297967,0.6240184045733241,0.6886566527930007,0.6459545560733476,0.32751316618312787
491,16,11,0.6586841628243958,0.7940530417592381,0.726368602291817,1,0.6363151046108722,0.9265528914697144,0.6262239757872242,0.38719803390015456,0.8953696494584492
492,16,12,0.31562899207360356,0.8243976055048283,0.5700132987892159,1,0.15818500418459258,1.0,0.8391292945215699,0.7698538356636564,0.48133702865034494
493,16,13,0.7959377719238514,0.7970079703966582,0.7964728711602548,1,0.6767899623597705,0.7282534287896067,0.6164842364793214,0.781294300362813,0.7678122655506869
494,16,14,0.22893044495978318,0.7774111655684235,0.5031708052641033,1,0.35172927990123865,0.8026918948426187,0.922159014215159,0.4742288549479357,0.0
495,16,15,0.42365618752966683,0.40030753451103207,0.41198186102034945,0,0.2820130382345495,0.2694572727897485,0.20459702310197733,0.09687086757831115,0.21057062835612161
496,16,16,0.3374855181727883,0.8282895459565287,0.5828875320646585,1,0.30471530632832666,0.627295333648093,0.47921298540179447,0.919025040070587,0.3695818527889231
497,16,17,0.556478338293681,0.6236837434173884,0.5900810408555347,1,0.7335894807508869,0.6167395678816658,0.7236372049814654,0.5113028010867827,0.6325942799282424
498,16,18,0.5790738612259605,0.7761454339387719,0.6776096475823662,1,0.4739562031898511,0.9626108918505039,0.6290688389860619,0.8646187614197439,0.6856588326932254
499,16,19,0.49843203223178556,0.4656054835968474,0.4820187579143165,0,0.6964841958137633,0.49188066099751676,0.7324786112485913,0.5587382370948961,0.572881257860705
500,16,20,0.840118492818499,0.3870194533086988,0.6135689730635989,1,0.7833740837695186,0.2533212315791701,0.37241211435281335,0.5635439193631578,1.0
501,16,21,0.44680086954160364,0.46480830755935115,0.4558045885504774,0,0.32531025846658235,0.5113161541081518,0.6564185876834692,0.4483811784286612,0.47403322820161137
502,16,22,0.4224388188026524,0.6845587026866172,0.5534987607446348,1,0.4615554183262035,0.6976003614554785,0.8691116778705787,0.6561207651002551,0.38763643303568307
503,16,23,0.34828172874486546,0.3809535700325914,0.3646176493887284,0,0.015046551224831561,0.35810924677086525,0.24360153321334596,0.2376648962397153,0.3804134160482881
504,16,24,0.299078405717827,0.35911402151506866,0.3290962136164478,0,0.0,0.3277715070413368,0.3984226684739015,0.08254159536142491,0.408274951592875
505,16,25,0.1176017232163829,0.6822196692885073,0.39991069625244513,0,0.03570159134499734,0.7436946440202294,0.6967963276032384,0.8358379618224789,0.0
506,16,26,0.5260322882875577,0.4953118111311765,0.5106720497093671,1,0.7171052932576024,0.44052977432452917,0.5810823623697254,0.4730626931795782,0.4677946524636185
507,16,27,0.765456151538144,0.4683921265920079,0.6169241390650759,1,0.6703187570598966,0.2920293296443076,0.40265942329119503,0.8281029256607982,0.42662489310424867
508,16,28,0.47569126768680825,0.36400745777051763,0.4198493627286629,0,0.6521410116061108,0.6329537842275008,0.3997258981234882,0.3789525648749443,0.38511484492982995
509,16,29,0.6139786840816706,0.7478692323957367,0.6809239582387037,1,0.49408511137957994,0.688729947204159,0.8071312426384175,1.0,0.7067530728556847
510,17,0,0.5069610634820565,0.8989881634654001,0.7029746134737282,1,0.3318569175855147,0.8362062161055073,0.9263363940926228,0.871148121036677,0.4749395445060118
511,17,1,0.44309471350074753,0.5953323556726327,0.5192135345866901,1,0.5061377617788658,0.6366964575443037,0.4122850096460295,0.7978742389636313,0.4040897630469092
512,17,2,0.6667028679644638,0.4681311952542703,0.5674170316093671,1,0.5113931094784536,0.5654516004122392,0.6098412222341425,0.7364898520604736,0.42270331583197734
513,17,3,0.7263520447367908,0.32614912630758147,0.5262505855221862,1,0.5346584215560047,0.48414941443008613,0.3971276185365573,0.6691451097496827,0.7349076164117133
514,17,4,0.44060158537927785,0.6604338587037607,0.5505177220415193,1,0.3166108086752847,0.4445526582485051,0.7099392785178675,0.8181407779944082,0.3239333199104736
515,17,5,0.4291811522129316,0.43096780971316506,0.43007448096304834,0,0.1942269556183891,0.35580174197817965,0.389145508932298,0.4302404250583019,0.6012130676599987
516,17,6,0.14914782454959355,0.18602909228198736,0.16758845841579045,0,0.0,0.22410719158543652,0.17860153830215492,0.24249144929165595,0.38654128046175196
517,17,7,0.674791591954313,0.8331217499678377,0.7539566709610754,1,0.8058580713815778,0.7277252038088422,0.8120552704497542,0.7275210602738801,0.45832642743030716
518,17,8,0.7906790452348572,0.5863165320748519,0.6884977886548546,1,0.852038519202363,0.5482033863635783,0.8890769198135108,0.7240148277340298,0.8021693395686743
519,17,9,0.7559055999604384,0.16373415556029125,0.4598198777603648,0,0.6585867646764967,0.12204816445481587,0.2523212778756581,1.0,0.7876890293291726
520,17,10,0.885524975029721,0.7687922858271858,0.8271586304284535,1,1.0,0.91908405570751,1.0,0.983537661522825,0.9330563087758008
521,17,11,0.46564395599013025,0.5132843407064152,0.4894641483482727,0,0.5177561397721517,0.6333177756979531,0.6497223321064003,0.5696724044405009,0.6388744685329032
522,17,12,0.45259302000358226,0.27343257333851867,0.36301279667105046,0,0.18616677951515614,0.355230748695647,0.19969380330017078,0.3274018030915917,0.5031191118219159
523,17,13,0.4107744658962023,0.35104474656210705,0.3809096062291547,0,0.6259315224428542,0.46200978577721086,0.20519287211952558,0.5473818608092376,0.2822462287650806
524,17,14,0.4327316896071207,0.13509086335600587,0.2839112764815633,0,0.31284450455095353,0.36199195855236044,0.2075867244648722,0.5949929488584876,0.6240630591251464
525,17,15,0.9487056228828513,0.04736259880782197,0.49803411084533666,0,0.8074241082582836,0.08835480607257365,0.09367845290928899,0.8354209552500805,1.0
526,17,16,0.15683089138418588,0.6904437337844994,0.4236373125843427,0,0.14847401342839886,0.5157713039469896,0.395894353111852,0.7023832844253769,0.2819963306391714
527,17,17,0.44142293037757324,0.5848097322870338,0.5131163313323035,1,0.319708266377014,0.5134966076869683,0.5828428104485778,0.5673266860124816,0.4882353252193827
528,17,18,0.567812843363861,0.56403606162502,0.5659244524944405,1,0.5362581425358309,0.6145360725887343,0.5357801603860507,0.5215264125368542,0.5089084264649933
529,17,19,0.5097540427823681,0.2605004729791033,0.3851272578807357,0,0.35972981900862855,0.2928604777191014,0.04757838082957866,0.49524040565401706,0.40958291485540715
530,17,20,0.47135778897740843,0.4421566403655982,0.4567572146715033,0,0.6144688434547776,0.35921413558209925,0.3191270472875245,0.4722613072489124,0.5143571719387717
531,17,21,0.11376759315753042,0.4695194612950703,0.2916435272263003,0,0.2956063934341112,0.46786432007640766,0.5200158292785519,0.5026403900807095,0.3106707625574325
532,17,22,0.41273034484967436,0.45780361328483077,0.43526697906725254,0,0.6036392812787307,0.2950253855277515,0.5797992073998213,0.7265467631291775,0.30651083338963453
533,17,23,0.1883931056075962,0.6001495904914694,0.3942713480495328,0,0.544710508636657,0.3884973353232815,0.6433482316971897,0.43254082732701093,0.3115205950031077
534,17,24,0.42917188876989193,0.18714772977740118,0.30815980927364656,0,0.4613455702265472,0.18810997553355574,0.48988454722130353,0.3458724309846475,0.4807170723802969
535,17,25,0.7486909219915053,0.5000741337145211,0.6243825278530133,1,0.6147527314611198,0.6445889569724823,0.6195397710463253,0.5973169429020679,0.8993682540406861
536,17,26,0.11765739689120189,0.47468906326109883,0.2961732300761504,0,0.07090169998356727,0.38397594014034886,0.4938506190508887,0.5162439631889192,0.34417238195250943
537,17,27,0.5396196677631598,0.5280077984711993,0.5338137331171795,1,0.5891785266971041,0.6208534151567899,0.5865777854538426,0.7335405229237804,0.7949741392499902
538,17,28,0.5305242536504033,0.45404106456449955,0.49228265910745145,0,0.5504252273199333,0.24808010730677496,0.4978991971913827,0.3844034708349324,0.5096425744332521
539,17,29,0.3734762935717477,0.20713960408438423,0.290307948828066,0,0.41458720805161076,0.291353900411495,0.0051556246627126046,0.5440067963733771,0.4103148144859487
540,18,0,0.4080910703252782,0.3522641692211407,0.3801776197732094,0,0.300561877575532,0.39176471181135153,0.6234067733454192,0.6300073076021009,0.5532323381690589
541,18,1,0.9228540139944067,0.9864428551520977,0.9546484345732522,1,1.0,0.7316827654482303,0.9769629792827507,0.8673927957756389,1.0
542,18,2,0.08965774738896228,0.7215959269479613,0.40562683716846176,0,0.08970036138485188,0.9210392887196877,0.6293774602525106,0.895329536258242,0.1567455476290353
543,18,3,0.20934200001507142,0.6172711669877976,0.4133065835014345,0,0.03777371296006296,0.5714667829271486,0.4734975591458489,0.6185339832716161,0.1748754383164512
544,18,4,0.2030599529408619,0.8597210424089846,0.5313904976749233,1,0.23132856395926568,0.8495079662226375,1.0,1.0,0.15181423022414697
545,18,5,0.5051553008316743,0.6699790317704654,0.5875671663010698,1,0.6301055419865667,0.6047281635262752,0.8710210459162985,0.7867548618832084,0.6302339854758897
546,18,6,0.25154659737635415,0.6030311514957682,0.42728887443606123,0,0.3828079475044762,0.5147897501485889,0.3124617277485348,0.6522341609470491,0.2990546759848635
547,18,7,0.04930035316167478,0.687138940090858,0.3682196466262664,0,0.22083119896017955,0.9173673222954328,0.6257235230206403,0.7658109973417898,0.0
548,18,8,0.5812382773333894,0.7210256508347981,0.6511319640840938,1,0.5196356171307523,0.8774399244592445,0.6780887586101656,0.4105572702748301,0.6990836573534537
549,18,9,0.8273777166557228,0.46277129861913685,0.6450745076374298,1,0.9952582511199357,0.24752634845559654,0.5152861159805772,0.8698644994148512,0.9533376137394243
550,18,10,0.8022166282386024,0.6861922742840665,0.7442044512613344,1,1.0,0.80090071372523,0.5329619626398813,1.0,0.888154378038056
551,18,11,0.4233758741658811,0.3270797984135197,0.3752278362897004,0,0.4249508669950161,0.4274045542874517,0.5052641858919532,0.1251039090678931,0.48472432584023445
552,18,12,0.21872014158986705,0.5284160662190284,0.3735681039044477,0,0.029099570516681245,0.352215472446784,0.6870745426756583,0.7505546948155597,0.09269768332490388
553,18,13,0.4007915229130065,0.6956793220341362,0.5482354224735714,1,0.116507445022135,0.8681913931722585,0.7025730462210963,0.4195438398169097,0.21375397029321316
554,18,14,0.2012413445573509,0.7318464069793151,0.466543875768333,0,0.38069470775709735,0.8222613969385744,0.7025930589986463,1.0,0.0
555,18,15,0.8017889790744046,0.3133922729030982,0.5575906259887514,1,0.8514735728039455,0.21185938153299344,0.21721683411607362,0.7563569916963071,0.5387321703317531
556,18,16,0.5441046567398233,0.6447086026065852,0.5944066296732042,1,0.5591610139151626,0.49965838992451433,0.5985617041607384,0.6169807381511138,0.6023224523465799
557,18,17,0.6349966175297709,0.6077916471663996,0.6213941323480852,1,0.7043545491771684,0.5444479210091548,0.4903297274215779,0.7175400372741219,0.7816111433773816
558,18,18,0.48799400324693193,0.5043459682385288,0.4961699857427304,0,0.6921433877515222,0.3108050549278524,0.5008137983665557,0.37787320444862993,0.5445123884070702
559,18,19,0.2257415072029485,0.30519865373333505,0.2654700804681418,0,0.008490178601207321,0.443766357050768,0.17991106313845984,0.40632463849849226,0.1345271852282064
560,18,20,0.3840292761497973,0.8267091852561743,0.6053692307029859,1,0.24608077979400306,0.7288102854300381,0.6173064956242822,0.7281077991093242,0.47440201360860956
561,18,21,0.7797322119138778,0.2262162586984915,0.5029742353061846,1,0.9367863474780076,0.08879832462997755,0.2855289830076606,0.5783573000474975,0.9092381428065355
562,18,22,0.6464974340680709,0.44975998618672086,0.548128710127396,1,0.4531768160265123,0.41274091270948565,0.47287479356334366,0.7182796178882124,0.6627574657315881
563,18,23,0.8577012557776672,0.8356613655589564,0.8466813106683118,1,1.0,0.9240038096766096,0.8618813982165157,0.8683706483744045,0.980856691399754
564,18,24,0.2571684427067342,0.6846344066871434,0.4709014246969388,0,0.24918650644759432,0.5541402493295752,0.9217964672173024,0.7119956833434956,0.3691394502631939
565,18,25,0.3667681853791167,0.7621705388823329,0.5644693621307248,1,0.2148827158508687,0.9663252640279028,0.793315188928926,0.948292926972108,0.39802051262154187
566,18,26,0.6949175504993379,0.7973691582700987,0.7461433543847182,1,0.5305088223611194,0.6939949567511698,0.7445330668713513,0.8661966439916376,0.6226306006681984
567,18,27,0.8041159848374543,0.08382322015010522,0.44396960249377976,0,0.6667740347869014,0.015046542576207966,0.08012174727128091,0.9074696478961772,0.3082420745687966
568,18,28,0.8689669065868211,0.530443032930501,0.699704969758661,1,0.8878636548645437,0.3768221063559323,0.40486585124059127,1.0,0.8406322397682322
569,18,29,0.39026476501747165,0.2310175684840214,0.31064116675074654,0,0.2994794064013998,0.2533024005448272,0.44765631684786567,0.4068960930881784,0.2999140157229464
570,19,0,0.3580808837063355,0.24402872771305448,0.301054805709695,0,0.5129797164203015,0.14508659831083998,0.15233501949115297,0.38749152846287055,0.3906388832593247
571,19,1,0.8614236846282506,0.6506686417715708,0.7560461631999107,1,0.706622494186153,0.778301465875842,0.6233706084730879,0.7297724368349363,0.8569886731543697
572,19,2,0.9057368843215888,0.21037868558145695,0.5580577849515229,1,0.8273659692795811,0.1758135078125666,0.2769431022755765,0.9129759511587145,0.8941889079980436
573,19,3,0.41472567942399263,0.9019047663403994,0.658315222882196,1,0.41592056872867933,0.9631142510848238,0.887530151108001,1.0,0.4445928316152423
574,19,4,0.13499181698390253,0.9049436518528193,0.519967734418361,1,0.26547731048965884,0.7934303661269231,1.0,1.0,0.0
575,19,5,0.8239154203589647,0.30221575531282974,0.5630655878358972,1,0.6756197666808539,0.24761333142501843,0.03834757534930516,0.5921328074573493,0.6515475909642037
576,19,6,0.6426768734779459,0.5226108411563093,0.5826438573171275,1,0.7751582281196531,0.3812956526423714,0.5260141273557514,0.6797839389787426,0.8291072121152352
577,19,7,0.07956147219779132,0.6651381636992872,0.3723498179485393,0,0.0809240106488813,0.6084864011435013,0.7789499581304593,0.7567843614160654,0.1760797464800145
578,19,8,0.653874300450001,0.5888858750355457,0.6213800877427733,1,0.7980564380826696,0.8183687682008464,0.8164827742157948,0.42774839633471035,0.8036149897587058
579,19,9,0.4994730172237974,0.7051908066359229,0.6023319119298601,1,0.41897154046004864,0.7123978580651074,0.7108567245710692,1.0,0.6605221758091387
580,19,10,0.03886775745115286,0.43519359938095536,0.2370306784160541,0,0.06654067260664258,0.49821483915987524,0.6781654928098917,0.348807684304446,0.11002535186887058
581,19,11,0.4986243005509515,0.3539086396699768,0.42626647011046415,0,0.48843248609698764,0.21057681665148667,0.4083374030144664,0.4687089207509039,0.4252566606106359
582,19,12,0.30067252600217786,0.3250328172937992,0.3128526716479885,0,0.33704283827460085,0.18249988965401998,0.218790918300822,0.3176214645960703,0.3496938549224642
583,19,13,0.5279071672404555,0.6498403657589968,0.5888737664997261,1,0.27553710704957496,0.6676967972906718,0.6501697344929525,0.8919920511699999,0.5986448335543607
584,19,14,0.842449066414263,0.5897872310159123,0.7161181487150876,1,0.7859412754590506,0.7731043305298902,0.5676511343075482,0.8368855787854951,1.0
585,19,15,0.5873757712882863,0.41238487048349814,0.49988032088589224,0,0.683235365070584,0.2542355396687949,0.31176387594353305,0.6007322400060063,0.5939029277949964
586,19,16,0.738268120064403,0.8314773602625083,0.7848727401634557,1,0.71324543298497,0.658840815874435,0.6277942921342994,0.9297587620048107,1.0
587,19,17,0.797340372903913,0.6864448401931278,0.7418926065485204,1,0.6095639263139271,0.6939168167184082,0.6169553973947883,0.954675390367797,0.8465387785205479
588,19,18,0.4611053053062114,0.7925426741116998,0.6268239897089556,1,0.6957382219109961,0.47756792615172855,1.0,0.8906154747100018,0.5978006070119116
589,19,19,0.9134467537228749,0.4478594075779579,0.6806530806504164,1,0.8516627248421716,0.39845748871611514,0.1998486948328517,0.8994392815108562,0.8773298944518663
590,19,20,0.45064913918287697,0.909733488409183,0.68019131379603,1,0.3548384293975638,0.9289774233413444,0.8518759527625633,1.0,0.5421917813534495
591,19,21,0.5337106494273113,0.34062769211320126,0.4371691707702563,0,0.6624358099402905,0.3536846769505846,0.7391896003049766,0.7439223710839261,0.26555319131308275
592,19,22,0.23296723335733616,0.6278186776892772,0.4303929555233067,0,0.17895086223072845,0.634995555405508,0.6139567884359476,0.5703164793301264,0.0
593,19,23,0.3921605785433545,0.6640995816902504,0.5281300801168025,1,0.4266367732150749,0.6948534368030604,0.5538841661855526,0.5503642104306607,0.5008362886905029
594,19,24,0.5617312886059089,0.2083762618641505,0.3850537752350297,0,0.5789385502585052,0.27986901793285945,0.17410959918794355,0.7175135705448578,0.6916751140731725
595,19,25,0.35657198163223064,0.5322770740606799,0.44442452784645525,0,0.09809549106522525,0.266375665970046,0.4295508602564997,0.686661847657426,0.3599357395956175
596,19,26,0.1086696985301145,0.6557421100787547,0.38220590430443463,0,0.21614485608925935,0.6236273727838068,0.7584400931641806,0.6118580147471916,0.18054528936578462
597,19,27,0.3510417265675404,0.09313946089235732,0.22209059372994885,0,0.573444008569306,0.14668745550914042,0.3679807398984682,0.20109353781127676,0.5507017164508508
598,19,28,0.9902678563959836,0.641881007563414,0.8160744319796989,1,1.0,0.6693777949900691,0.6313274914162974,1.0,1.0
599,19,29,0.5856223307930137,0.7698789386063035,0.6777506346996587,1,0.5263682124297002,0.8915054171603063,0.9751997359011227,0.8531838843366994,0.83622388360116
